封面好评,f75322ff,0.51300,0
感觉一下全来了,5f4351d5,186.00300,0
"绝了,这一月番太强了",4620cdec,171.33500,0
全体起立！！,c730879d,172.23900,0
为兵长献出心脏,b9a55006,292.43500,0
全体起立！！！,d66b9ff2,294.10100,0
哈哈哈哈哈哈哈哈哈,3b8d7ec5,515.20700,0
冲了,2e2fc39a,624.18500,0
献出心脏,8f9c41d5,296.10800,0
三玖天下第一,b9a55006,267.08100,0
这也能出第二季？,7a857d85,264.17500,0
萌王排面！,7d59c77b,96.45900,0
卧槽，全体起立,e0d39e3b,249.22900,0
献出心脏,d1be46cf,351.37900,0
这也能出第三季,7a857d85,214.58700,0
OHHHHHHHHHHHHHHHH,b638ca69,176.62200,0
全体起立,d1be46cf,306.23700,0
这个小说挺有意思的,e32dfbd2,691.35400,0
下次一定,597f9e26,794.90200,0
全体起立！,8cbdb935,296.41900,0
干TMD,462a7493,300.47500,0
是你啊，soulburner,6c329abd,584.55600,0
里世界居然出番了。。。。,74ed4773,535.35800,0
爷青回,a5874f0e,24.57600,0
全体起立！莱纳坐下,d93fd4f3,293.37700,0
看到这个迷宫和这个蓝发的大佬我就知道是啥了哈哈哈,7319e5f6,666.71200,0
爷青回,a5874f0e,12.03300,0
爷青回,a5874f0e,8.07000,0
居然是这个片子！！！！NB啊！！！,7319e5f6,666.71200,0
我感觉结局没什么争议呀,8cbdb935,181.29900,0
全体起立,8cbdb935,172.85900,0
//;路口[',d5f29816,5.85600,0
盲猜巨人,d10e672b,3.19900,0
有生之年,d93fd4f3,143.03700,0
起立！,c837e8ab,296.25100,0
？？？？光之美少年？,4f079560,594.02200,0
神仙打架,c837e8ab,223.02700,0
卧槽,c837e8ab,170.37600,0
卧槽,b78c32df,209.75800,0
骨头社  冲冲冲！！！,18d61727,618.83100,0
快，心脏撒撒给,64fd63d2,294.54200,0
画风好棒，制作也看得出来非常优秀耶,dabbb696,730.51900,0
你你币有了,83b4843d,219.45900,0
冲冲冲，蜘蛛子！,ed5bb2fc,627.94600,0
有生之年,74ed4773,203.18500,0
全体起立,f9d31c89,173.30200,0
已经看2集了,926af450,352.29100,0
追了！,8fe32a20,545.98600,0
霓虹太无聊了,f68c0d3e,704.21900,0
这个在西顿庄园中有介绍,7018115c,492.19000,0
有生之年系列,4f079560,208.66300,0
脑洞太大了,cd377ee6,639.60100,0
划重点,c39c58de,336.70800,0
全体起立,2810dce2,692.35100,0
哈哈哈哈哈哈哈哈哈哈哈,f8d4fd90,640.26200,0
全体起立！,8b871ea1,171.37400,0
爷青回,aa4ec38d,5.49900,0
日常黑网管,f8d4fd90,585.82300,0
LEX的封面是什么动画呀,3eaf8a30,0.77000,0
脏翅膀,8a1c4d9a,748.28500,0
白色厢式卡车又干活了,285b4aa6,691.86200,0
必须看,f68c0d3e,336.27900,0
？？？？？？,50f45420,727.46600,0
巨人冲！,8f076fe3,29.77500,0
全体起立！！！！！！！！！,f2e45b83,296.93700,0
哈哈哈哈哈哈哈哈哈哈哈,f8d4fd90,519.80100,0
全体起立！！！！！！！！！！！！！！,f2e45b83,295.91200,0
！,5a1bee68,159.37300,0
爷青回！,8f076fe3,15.03900,0
高墙？弓矢？,285b4aa6,582.46300,0
史莱姆,aa08751a,96.07200,0
？？？？？,50f45420,521.57200,0
爷青回,799c1414,212.71900,0
又是史上最强，老标题党了,cd377ee6,32.57800,0
ohhhhhhh,2810dce2,179.33100,0
献出心脏,94a27f2d,363.77500,0
当年少儿频道3d惨状,285b4aa6,507.82500,0
我喜欢这个,2d1bd2c9,193.84500,0
坐等梦幻岛七大罪,f6bec4b8,30.46800,0
!!!!!!!!!!!!!!!!!!!!!!!!!!,d27975ec,385.71300,0
考研人泪目,e5aa629c,780.59000,0
三玖天下第一！,afa30a08,266.95900,0
是你缠流子,5fe1718,584.51700,0
全体起立,db4687b4,303.12400,0
牛逼！！,c3c7133,134.03900,0
ohhhhhhhhhhhhhhhhhhhh,d27975ec,223.34000,0
艾伦耶格尔,dc18b5bb,359.17900,0
ohhhhhhhhhhhhhh,d27975ec,175.06600,0
蕾姆啊啊啊啊,285b4aa6,111.70900,0
这部真充满了浪漫主义,516031c5,152.36600,0
史莱姆史莱姆,285b4aa6,94.81700,0
这bgm是什么？死活想不起来,234f08dd,635.61900,0
2020终于要过去了（）,289d97de,1.75600,0
为巨人献出心脏,53b390d5,303.96500,0
小仙女新作？,4538ef8f,516.98500,0
凤傲天，白开水剧情,d38bbaba,636.36700,0
闪亮的塔科特,d38bbaba,592.90900,0
全体起立,10b7c627,294.69800,0
献上心脏！,f8dbbdab,300.78800,0
献出心脏,a073acfd,294.97500,0
全体起立,53b390d5,115.65900,0
???,b3037baa,718.78700,0
懂了,b3037baa,688.64200,0
爷青回,53b390d5,9.23900,0
境界触发者排面！！！！！,88ddc1e,194.28100,0
yes,b3037baa,548.57100,0
燃起来了！,dec0ac7d,379.47800,0
！！！！！！！！终于！！！,5d9e1389,626.76100,0
来了来了,d8346318,270.18200,0
全体起立,a24d899d,394.09100,0
！！！,5d9e1389,586.24800,0
ohhhh,d8346318,211.00400,0
献出心脏,dec0ac7d,304.21900,0
全体起立！！！！,dec0ac7d,300.29900,0
inshowing,b3037baa,367.25700,0
cao,b3037baa,275.71800,0
ohhhhhhhhhhhhhhhhhh,c297a0aa,297.30500,0
yes,b3037baa,246.61700,0
啊啊啊啊啊约定的梦幻岛卧槽！！,dec0ac7d,171.41900,0
全体起立啊啊啊啊,5927e747,114.23500,0
石纪元！！！卧槽,dec0ac7d,157.45900,0
萌王驾到,c1dbfc46,91.10900,0
巨人nb,6ac4d6f,375.32300,0
全体起立！,5836baff,192.16700,0
蜘蛛子吹爆！！！,482ec3cf,639.16700,0
！！！！！蜘蛛终于要出了吗！！！！！！,5d9e1389,29.11900,0
懂了,ebaf64cf,685.61900,0
死亡の味,5927e747,118.68100,0
冲冲冲,ebaf64cf,627.09900,0
啊啊啊啊啊啊啊啊啊啊啊啊啊啊啊啊啊啊,6707ac45,387.47700,0
ohhhhh,e828ad73,206.10100,0
别鞭尸碧蓝了，天冲飞马,7cb1f5af,284.64100,0
牛壁,80979399,173.89400,0
哈哈哈哈哈哈哈,44d49f81,518.21700,0
hhhhh,c12450ee,25.36100,0
牛壁,80979399,158.79700,0
ohhhhhhhhhhhhh,6707ac45,173.92500,0
碧蓝冲鸭，天冲飞马,7cb1f5af,191.16100,0
ohhhhhhhhhhhhhhhhhhhhhhhhhhhhhhh,79ac368a,168.75500,0
哈哈哈哈哈哈哈哈哈哈哈,229c3fcd,517.57900,0
说这是剧场版我都信,ba1cc27d,735.31700,0
妙啊,a2c9c9fc,269.35500,0
冲冲冲,a9a1a4b6,237.91700,0
宫村啊啊啊啊啊啊,6707ac45,20.76900,0
ohhhhhhhhhhhhhhhhhhhhhhhhhhhhhh,79ac368a,46.72100,0
全体起立!,254ddafb,117.89700,0
献出心脏,98e0009a,307.21400,0
真·有生之年，我必追之,44d49f81,209.98900,0
Ohhhhhhhhhhhh!,ebaf64cf,173.09900,0
三玖天下第一,98e0009a,281.46900,0
YYDS,3e565a2f,338.88600,0
不错,ec5db8bc,740.66900,0
蕾丝骗你的，这篇很牛比,ad035dc5,563.44200,0
ohhhhhhhhhhhhhhhhhhhhhhhhhhhhh,98e0009a,268.17300,0
卧槽，这个真的坐不住了！！全体起立！！！,670f8c3d,295.34900,0
喵帕斯,5c3ae986,149.89000,0
re0下半季是爽番(确信),254ddafb,113.34700,0
全体起立,3e565a2f,292.58400,0
四叶天下第一,8247ab88,285.29300,0
2333333,ec5db8bc,514.47200,0
全体起立！,d0dc6299,293.77900,0
境界真的是有生之年,da11803b,195.96800,0
？？？,ec5db8bc,431.77200,0
全体起立,fc06841,297.86900,0
漫画结局我是真亏完了，五股占四股剩下的一股是结局,e50241fb,274.21900,0
堀与宫村啊啊啊啊啊啊,5f7e1624,389.41700,0
2333,ec5db8bc,291.50100,0
二重积分,12727ceb,265.67900,0
啊啊啊啊啊啊啊,6f816f4b,171.93000,0
？？？？？？？？、,ca374c88,517.28600,0
好可爱！！！,9a72909e,641.65400,0
爷青回,ec5db8bc,142.07000,0
我要看我要看！！！！,fa10de91,421.68800,0
追！,a117a1ba,739.32300,0
UZI日常？,1a8474f8,141.32500,0
卧槽！！！,e3da58a5,230.48300,0
卧槽，春季档这么牛逼吗？！,e3da58a5,208.49300,0
神大人觉得很赞,582846ca,415.52400,0
看过漫画,8173fe79,526.21400,0
！！！！！！！！,6e875e1a,225.84700,0
？？？,e3da58a5,83.66700,0
cvcvcvcvcv,3cb66cb0,388.73600,0
wc,3d815476,162.46100,0
wcwcwc梦幻岛,3cb66cb0,169.42800,0
啊啊啊啊啊啊啊！,a117a1ba,171.13900,0
！！！！！！,db740eca,170.55900,0
带明星,ad921dbc,7.50700,0
吹爆！！！,3cb66cb0,152.78400,0
剃须容易起节奏啊。。。一个没处理好新粉没有还把原著党得罪了。。,17c0fee3,763.84400,0
？？？？？？？？？？？？？？？？？？？？？？？？？？？？？？？？？？？？？？？？？,55e57680,678.42000,0
又双叒叕史上最强,a117a1ba,7.81900,0
牛顿:这个我熟，达尔文你看开点,be4cf249,480.75900,0
封神的作品了啊,58525eb1,351.33400,0
爷青回,8d43dbb1,11.44900,0
爷青回,af74f3f0,9.18100,0
泽野大大,be4cf249,325.59900,0
蜘蛛子！！！,68a34b50,629.45500,0
游戏班日常,2b52100,426.64500,0
全体起立！！！！,7faf1aac,300.58600,0
全体起立,55e57680,302.66400,0
准备变色,3c111ad4,290.13400,0
追了,adf1b9c2,741.53500,0
期待,768c9e6c,377.72400,0
是这样的，日本有个阿宅靠这部小说交到了女朋友,32aa4fa8,452.82900,0
文野！！！,aa66510f,188.83800,0
看来寒假又要宅家里了,5cfa2695,44.47600,0
梦幻岛二！！！爷青回,aa66510f,170.03800,0
太棒了我追的番全更新啦(*^▽^*),207404c9,173.71700,0
我现在知道了,98e6bce2,495.43400,0
画风针不戳,efc06f1c,709.20900,0
同感,adf1b9c2,523.25500,0
你怎么跟瓶子一样哈哈哈哈,1e4951ff,644.66600,0
你是只猪又怎样,1e4951ff,629.80600,0
朋克冲了,1e4951ff,622.08900,0
起立,1dc9465d,265.81700,0
草,1e4951ff,587.24200,0
ohhhhhhhhhhhhhhh,e686bac1,171.93900,0
战x恋,f4a05c49,681.95300,0
卧槽！！！！！！！！！,8ca91f7a,175.74300,0
硬核百合,1e4951ff,546.89000,0
这个超赞,c10f35c5,499.22900,0
這個追,9727614b,163.78200,0
追了,1e4951ff,523.10200,0
快乐源泉预订,1e4951ff,513.98300,0
我笑死了,1e4951ff,508.88200,0
五月是天,40a91f8b,280.10500,0
哈哈哈哈哈哈草,1e4951ff,437.33700,0
好兴奋！！！,3463b986,183.63300,0
无敌，来了,40a91f8b,231.44000,0
青春！,1e4951ff,388.10500,0
全体起立,1e4951ff,383.79300,0
终于来了,40a91f8b,163.79200,0
马趴版的风格变柔了,1e4951ff,313.57000,0
马趴？？,1e4951ff,300.71300,0
来了来了,1e4951ff,292.90700,0
鸡皮疙瘩已经起来了！,36f175c3,346.79500,0
神仙打架啊,1e4951ff,244.79000,0
杀就完事！,36f175c3,306.07500,0
起立！,36f175c3,295.97400,0
啊啊啊啊啊啊啊萌王\(//∇//)\爱死你了！,adf1b9c2,97.59900,0
有生之年！这个一定要看！,1e4951ff,206.69900,0
全体起立！！！！！！,1e4951ff,203.95500,0
汪汪汪,1e4951ff,188.65100,0
全体起立,1e4951ff,172.74200,0
全体起立,1e4951ff,153.61800,0
律队?不搞音乐了吗?,9b7735eb,394.72700,0
露营！,1e4951ff,123.13500,0
!!!!!!!!!!!!!!!!,8d91ec35,598.37300,0
四叶赢了，爷的青春结束了,a1112dc7,271.53400,0
黑暗二次元,1e4951ff,61.21300,0
芜湖,1e4951ff,53.49700,0
记录的地平线！,1e4951ff,22.70700,0
爷青回,53b46df0,19.24100,0
爷青回,53b46df0,15.73900,0
确实，都堆这了,1e4951ff,17.23100,0
爷青回,53b46df0,11.23800,0
期待记录的地平线,1e4951ff,5.97900,0
来了来了,1e4951ff,4.29900,0
莱纳，你坐啊,f4a05c49,316.54000,0
起立起立！,f4a05c49,293.34000,0
起立！,f4a05c49,222.42000,0
为了文豪！,f4a05c49,195.86000,0
喵帕斯,70242a7,152.34700,0
ohhhhhhhh,ee1035af,111.09900,0
懂了,5245b4e2,625.98400,0
全体起立,22f3ce92,291.19500,0
三玖天下第一,1075bbb,266.49900,0
beastars！！！,22f3ce92,223.21500,0
这个是什么！,8304d8c5,32.91600,0
性转缠流子？,62bd14f7,581.69100,0
是我是我了,22f3ce92,69.43700,0
这个有意思,e14b3f1a,481.76400,0
这个值得期待啊,2c85f490,743.29200,0
老爱了,9868474b,644.26800,0
等好久了,9868474b,634.24000,0
ohhhhhhhhhhh,f7e137b4,226.63900,0
哇啊啊啊啊,3e85c257,182.67900,0
啊啊啊啊啊啊啊啊啊啊啊啊啊,f7e137b4,172.92100,0
全体起立！！！！！！！！,f7e137b4,159.21800,0
这质量！！！,34aae00b,739.12200,0
全体起立！！！！！！！！！！！！！！！！！！！！！！！！！！！！！！！！！！！,fb59eabd,293.17900,0
我是只猪又怎样？？？,94ec1326,627.68900,0
1月番有点大补,34aae00b,697.73800,0
全体起立,68a1e6b4,356.57400,0
地平线我的娘，我都忘了剧情了快了,6f039508,208.36000,0
求生欲极强,34aae00b,567.57000,0
草，还真是gagaga的,71d6d62a,447.40600,0
梦幻岛,2732d781,173.53900,0
斗破苍穹,237dd71d,740.58300,0
全体起立！,4482d536,157.34300,0
牛的一批,7a50df88,723.21400,0
献出心脏,f97df8b8,311.87300,0
全体起立,f97df8b8,301.54500,0
哦哦哦哦，有生之年！,94ec1326,204.77700,0
过于豪华。,34aae00b,214.30800,0
二乃冲冲冲,1ff278c7,269.21900,0
我的三玖股啊！,6c64629b,272.50500,0
华光林,c03ac994,734.53900,0
史上最强！！！,3344e3da,90.29900,0
1月好多要追的诶,fd1b1386,495.63600,0
全体起立！,15c0e38c,384.44600,0
啊啊啊啊啊啊,69305b79,229.82800,0
好长,b5c8008,648.02000,0
蜘蛛还是算了 恐惧症,83b96098,642.85500,0
律队？？？？？,a3b9359,393.88000,0
我以为是“我是只猪”……,36b0452,652.48200,0
这个剧情我都忘啦…,fd1b1386,216.46800,0
她lei了,ef89ecf9,627.75700,0
梅麻吕,9a8b5509,521.49500,0
全体起立,7285a029,292.84000,0
全体起立,8dceb47a,306.11900,0
滑板！,4d8ed455,618.40700,0
前方高能,daef1c12,291.30500,0
蕾皇上朝,a48d1088,22.94900,0
吹爆无职~！,1c96581c,755.88900,0
绝了,639b339c,370.40700,0
B站这么有钱么~~~~~~~,3da2beee,276.12600,0
三玖天下第一,13f6e873,285.66000,0
这不是《银河美少年》么~,313a5c22,599.33400,0
这尼玛神仙打架啊！！！！！！！！！！,3da2beee,231.67600,0
wo qu !!!!!!!!!!!!!!,3da2beee,208.61400,0
wo qu,3da2beee,172.27800,0
wo cao,3da2beee,163.83400,0
哈哈哈哈哈哈哈哈哈哈,9fe0e5f1,524.00300,0
nice,b46e221a,691.31400,0
诸神之战,b4133a9a,768.65700,0
突然笑出声,7f82c1ed,614.18000,0
爷青结,581e5393,353.87900,0
进巨无敌！,b26cc3bf,302.01900,0
爷青回,ef89ecf9,213.08800,0
葱哥爱了,8746555b,159.94000,0
这个和以前的旧番《他和她的故事》有点像啊。。。,313a5c22,401.35600,0
喔喔喔喔喔喔喔喔,c5a517c7,160.16500,0
三玖天下第一,59ca40c2,267.45800,0
啊啊啊啊,f1354d2,377.67900,0
艾伦.耶格尔！,fe1516a2,363.37900,0
啊啊啊啊,f1354d2,293.71900,0
卧槽  他出来了,c8a17aee,219.35800,0
卧槽,c8a17aee,210.05400,0
哈哈哈哈哈哈哈哈哈,9781ce11,511.84000,0
太脑洞了,9781ce11,476.14200,0
爽就完事了,52d2652f,100.29900,0
RWBY的感觉,ff2b53cf,507.30500,0
艾导牛批,f73d37e5,375.73700,0
全体起立,db2a1700,300.37900,0
joker？？？？,84c0eedb,617.24800,0
！！！！！！有生之年,f3d4e306,384.15300,0
ohhhhhhhhh,26154a29,295.87500,0
冲冲冲,1702fce3,625.49800,0
名字好长,736b41b8,650.61900,0
全体起立！！,419cbbe4,296.83100,0
哈哈哈哈哈哈,1702fce3,524.99500,0
漫画这一part直接给我看跪下了,2f611f5c,376.02400,0
除了巨人无一可看啊,5ff3c376,768.54300,0
！！！！,26154a29,173.47000,0
啊啊啊啊啊,419cbbe4,189.65900,0
re0永远的神,26154a29,121.87900,0
無職！！！！,bfb5b312,693.84000,0
赛尔号？？？,4eb4ade,603.11200,0
我也是⋯所以到現在還沒看漫畫,bfb5b312,642.79300,0
喵帕斯赛高,736b41b8,141.85900,0
露营冲啊,736b41b8,126.57900,0
他来了他来了,55e91aaa,293.42100,0
卧槽，突然意识到这小说我看过，还看完了,d605da44,746.21000,0
爷青回,55e91aaa,10.20300,0
想看辉夜跟会长 QAQ,4b43408e,781.32900,0
啊啊啊啊,ee14cb9,174.23700,0
期待这个,8347c0e6,546.19600,0
接下来是鱼太专场,dd4f4825,107.13100,0
哈哈哈哈哈哈哈哈哈哈哈哈哈哈,ca83f173,509.29900,0
全体起立,5fd239da,298.66300,0
爷青回,5fd239da,222.28700,0
全体起立！！！！！！！！！,a905f17a,292.24600,0
啊啊啊啊啊啊进击的巨人,8347c0e6,296.16900,0
追了,d5068979,624.95800,0
啊啊啊啊啊啊啊啊啊动物狂想曲啊啊啊啊啊啊啊啊啊,8347c0e6,223.03800,0
啊啊啊啊啊啊啊啊梦幻岛啊啊啊啊啊啊啊,8347c0e6,170.89900,0
噎嗝儿~~,4b43408e,362.62500,0
好家伙,34d79e2a,520.73500,0
哈哈哈哈哈哈哈,34d79e2a,513.24400,0
？？？？？爷青青青回？？？？,ca83f173,187.85900,0
三玖我的！！！！,99ac2f8a,269.37900,0
ohhhhhhhh！！,4b43408e,266.19700,0
雷格西来了！！！,4b43408e,229.14000,0
创哥强,8b428e29,332.57900,0
主要是有巨人,160d1687,19.45900,0
MAPPA还是和霸权社有差距,ccca99b5,349.89600,0
全体起立,8b428e29,293.53900,0
追了！,d5068979,228.67000,0
神仙打架,8b428e29,173.57900,0
爷青回！,99ac2f8a,12.58500,0
爷青回,52798781,203.85900,0
葱哥天下第一！,8ae4c8de,154.83600,0
？？？,fa474f2c,207.01900,0
乌兹转生??,fcdb6839,685.55800,0
高考的一起哭,e8ee6a7b,781.91900,0
前面dva后面兵蚁？,16de5501,519.67900,0
啊啊啊,bbd5f3e4,149.54600,0
广告位招租,626bc437,791.74400,0
全体起立！,4fe9428d,119.45500,0
这是于老师的身体？,291351fe,71.05900,0
啊啊啊啊啊,1198137c,170.09900,0
为什么cue卢姥爷？！,92a40f56,752.23300,0
心臓を捧げよ,4398d493,290.89300,0
封面雷击！萌王你怎么了,291351fe,1.97900,0
有生之年啊，卢迪乌斯，格瑞拉特,7b5ad8a5,723.98900,0
全体起立!!!!,23611fdd,294.33900,0
全体站立,f63dbc8a,292.73500,0
有生之年,7b5ad8a5,719.32600,0
卧槽，来了，有生之年啊,7b5ad8a5,704.32500,0
日，男,c9101124,430.93000,0
真的一代传奇,5864b084,333.29100,0
就冲这个，追了追了,54de517e,517.45900,0
巨人牛批,5864b084,294.15100,0
全体起立,5864b084,299.67400,0
全体起立 全体起立 全体起立！！！！,5864b084,294.97400,0
全体起立,5864b084,294.05400,0
来了，就等这个,5864b084,292.71400,0
追了，追了,25e98b4b,682.80600,0
?？？？？？？？,25e98b4b,678.40600,0
这发型 不去打牌可惜了,a9efef67,584.50000,0
真的史上最强,5864b084,267.81700,0
我也害怕,46625139,642.28100,0
全体起立,c1e7080b,304.64100,0
爷青回,60b03712,210.37900,0
我是只猪,46625139,627.49700,0
好,7599bcce,682.43000,0
卧槽,ae0278d3,208.77400,0
等着看鹿鹿,92a40f56,221.84300,0
汪！！,92a40f56,188.22200,0
为野犬干杯！,73b5f594,188.37900,0
哈哈哈哈哈哈哈哈,7599bcce,520.65900,0
这个竟然动画了？？！！！！！,6310c244,552.57600,0
惨了全都想看,892856f1,760.37900,0
兔子只吃盲肠便促进消化哦,3b640746,490.96100,0
卧槽，这个原作很NB的,8e2a3c39,691.35000,0
期待了,892856f1,730.83900,0
up声音像是感冒了,e3856383,151.65900,0
来了啊啊啊啊啊,68bfa6e8,171.39900,0
啊啊啊啊啊啊啊有生之年居然真的出了！！！,3a74e2f,384.73400,0
我可以,7599bcce,266.72900,0
这个看得我热血沸腾,5864b084,178.43500,0
啊啊啊啊啊啊啊,8bb240bb,174.72100,0
这个冲啊！！！！,5864b084,172.79500,0
还会是PPT吗,25e98b4b,243.69900,0
俺也不知道,c97363d7,488.08400,0
卧槽,22a8d8fb,720.72300,0
小考拉会被毒死的 直接吃的话,f75ae490,511.81900,0
桉树叶有毒啊,f75ae490,495.12100,0
警觉】,22a8d8fb,621.07500,0
献出心脏,f2977790,298.82800,0
太强了,c97363d7,381.33200,0
芜湖！,860c7f7f,222.93900,0
文野！！！！！,9cb0a4ef,188.56300,0
回来了！！！,860c7f7f,170.17900,0
ohhhhhhhh,1e1c9cd6,171.24700,0
外包海星,22a8d8fb,470.64400,0
啊啊啊啊啊啊啊啊啊啊啊啊啊啊啊啊啊啊啊啊,2d91f56,69.47400,0
追了,b5d92cb8,542.61400,0
啊啊啊啊啊啊啊啊啊啊,2d91f56,44.60900,0
原汁原味！,2d91f56,21.15000,0
啊？还有新作啊【。】,22a8d8fb,385.31400,0
握草这的特别好看,574d8332,533.41900,0
骨头社！！！,fc74877b,618.76900,0
有点像达尔文游戏,f1d999bf,534.93000,0
哈哈哈哈哈哈哈哈哈哈哈哈,fc74877b,567.32300,0
啊啊啊啊啊啊,7f14cd82,208.47900,0
爷青回,c97363d7,8.68100,0
疫情后放大招了,83ad71a3,770.51400,0
!!!!!,96d6e83e,157.49600,0
超期待！,fc74877b,536.74300,0
是真的啊,fc74877b,488.10300,0
骨头社yyds,3ec3aa4b,625.55600,0
就叫NASA吧，读作NASA写作星空,adf156ba,741.07300,0
uchi！uchi！,fc74877b,386.16300,0
卧槽这个居然也动画化了,22a8d8fb,62.61400,0
于是我点了四下关注[doge],2c096cc9,790.53900,0
由崎星空被撞死的平行世界,adf156ba,684.95900,0
如果是阿B的话，一定买得起的吧,41132fbd,739.02900,0
蜘蛛子！爷吹爆,4ed5028,627.85900,0
骨王什么时候才能站起来,c7f624d8,247.88100,0
西园寺世界直呼内行,ee51dd74,446.39900,0
关于我转生成蜘蛛的那些事,adf156ba,641.68000,0
前面好看，后面拉胯,73a672a1,532.06800,0
萌王！！！！,9429faf3,89.08200,0
nice,40a2592c,235.90200,0
献出心脏,d3910d4c,303.57300,0
全体起立,d3910d4c,296.25000,0
ohhhhhhhhh,40a2592c,171.53800,0
人人可以看,d04bd0c,346.28800,0
因为没有最强只有更强,fc74877b,45.77900,0
萌王应该要魔王了,f183811c,123.14400,0
来了来了,b39458b4,4.97900,0
来了来了,fc74877b,2.07900,0
re0永远的king,49d89444,122.86700,0
为野犬干杯！！！！！！！！！！！！！！！！！！！！！！！！！！！！！！！！！！！,73a64058,188.00700,0
文野！！！！！！！！！！！！！！！！！！！！！！！,73a64058,188.00700,0
卧槽无情？,fd6b635d,728.53900,0
这个一月，神仙打架,17fb04a8,177.75200,0
我必看,fd6b635d,684.73900,0
蜘蛛子！蜘蛛子！蜘蛛子！,4ed5028,27.00300,0
所以第一季更完了？,adf156ba,91.41100,0
啊啊啊啊啊啊啊全体起立,32932f58,171.41100,0
笑死我了,43b2c261,510.31100,0
艾伦•耶格尔,8990bde0,361.11900,0
？？？,43b2c261,486.00500,0
追追追,48ad2e35,792.72600,0
下次一定,ac0fad4c,786.23800,0
这就是网恋奔现吧,43b2c261,452.14900,0
全体起立，献出心脏！！！！！,8990bde0,292.20700,0
献出心脏！！！！！,2bfd136b,298.05900,0
啊啊啊啊啊啊,195927bd,176.18200,0
卡车yyds,ac0fad4c,695.27300,0
很难想象lex说这个是传世经典,43b2c261,396.57200,0
三玖天下第一,32aa4bc3,269.53900,0
漫画画风更好,43b2c261,389.33500,0
这个漫画好好看,43b2c261,386.55200,0
期待,ac0fad4c,636.90500,0
茶会！,df6efcb5,205.89900,0
全体起立,27c8cb39,297.52400,0
！再追一个 嗝,ea2ac8b4,733.07800,0
全体起立,c6653096,295.81900,0
我燃起来了,f60e2ef5,763.80500,0
好耶,6b0e3aaa,179.96100,0
全体起立,fd6b635d,298.13900,0
好燃！,f60e2ef5,741.80500,0
追了！,ac0fad4c,545.08600,0
来了来了,fd6b635d,295.73900,0
空白直呼内行,fe6aaa,422.34700,0
小学3D也可能真香，参见rwby,ea2ac8b4,507.73400,0
哈哈哈哈,ac0fad4c,520.51000,0
全体起立,8aa2e8f9,294.53800,0
文野！！,535348f1,186.97300,0
考拉不是吃树叶吗,ac0fad4c,491.07100,0
追了,ae1d3b74,735.01300,0
卧槽？？,ac0fad4c,490.38800,0
可惜b站没有,43b2c261,303.10600,0
巨人必看,43b2c261,291.62600,0
PV看得我都久久不能平静,f0bda1bc,368.42400,0
哈哈哈哈哈哈哈,ac0fad4c,462.14300,0
啊啊啊啊啊啊啊啊啊啊,de899d2e,110.35700,0
"database, OP我要database!!! ",c007a2aa,213.13900,0
我教你泡自己？,ac0fad4c,447.97700,0
好，就你了,40a550c8,720.93900,0
这段演说的漫画当时看得我完全起飞，太震撼了,f0bda1bc,356.21000,0
看不过来了,43b2c261,250.80700,0
起立,c63a9b1,141.70200,0
终于等到蕾丝了,b830359d,18.01900,0
全体起立！,ac0fad4c,349.07600,0
真的传奇,f0bda1bc,339.53200,0
献出心脏,ac0fad4c,307.94500,0
给我一种新热血英豪的感觉 笑死,c206d9de,513.56500,0
啊这 有生之年啊,43b2c261,193.97100,0
我靠，一月宅家,a3d16fe4,741.63400,0
梦幻岛冲啊！！！！,43b2c261,170.57800,0
燃起来了,f60e2ef5,372.79800,0
蕾丝这声音怎么了。。,c4bb8e39,90.37500,0
woc，这个居然出动漫了,366d23d6,694.01900,0
啊啊啊啊啊啊啊啊啊啊啊啊啊,4718b758,223.58700,0
感觉画风反而更像漫画了,f0bda1bc,305.69900,0
鸡皮疙瘩起来了,ea2ac8b4,368.70500,0
绝了！mad,2d9d6b90,739.16600,0
巨人真的永远的神，格局恢弘到大气层，看一次更新震撼我一年,f0bda1bc,295.95000,0
爷青！,ea2ac8b4,322.02700,0
！！ohhhhhhhhhh,bbd3d419,535.48200,0
洛洛历险记,abf08ce,422.57800,0
蜘蛛子！！,145d2b6d,37.25600,0
握草看看过小说,792a8ae5,637.37000,0
二乃天下第一,29ab4b37,275.28600,0
！！全体起立,ea2ac8b4,294.20800,0
续作就够我看的了,b3e45657,394.08300,0
天天史上最强,eb6c8ce7,1.93700,0
每次都是这样,e663eec1,25.59200,0
uma！！！,5be36317,195.03400,0
献出心脏！！！！啊啊啊啊 啊,b3e45657,300.46300,0
ohhhhhhhhhhhhh,b3e30340,293.07900,0
全体起立,a3d16fe4,299.86300,0
三玖天下第一！！！！！！,782a7dc6,277.83200,0
free,82b2a2e7,608.60600,0
全体起立,62df47fb,303.93400,0
ohhhhhhhhhhhhhhh,ca199a85,222.26600,0
ohhhhhhhhhh ohhhhhh,b3e30340,153.51900,0
打扰了,445a9d83,616.27800,0
石纪元真的超好看！！！！！超！！！好看！！！！！！,f0bda1bc,156.50500,0
啊啊啊啊我激动了！！！,961bd0ae,177.89700,0
爷青回,e43c9498,9.06300,0
哇哈哈哈,2b9c335,16.75600,0
起飞,42a25ec0,488.81400,0
为野犬干杯,82b2a2e7,188.03500,0
全体起立,fc0086fc,303.11000,0
？？？？,5c0ec6ac,484.49100,0
啊啊啊啊境界触发者！！爷青回啊！！！,1d7aaaa3,193.18700,0
感觉好牛！追了！,b9b457e9,750.03300,0
v,60b34aa5,411.75300,0
别买了，四叶赢了,a6049106,277.52100,0
啊啊啊啊啊啊啊,f081d3df,340.11600,0
献出心脏,f081d3df,297.10800,0
uzi日常大王,c5dc063f,138.61000,0
但是TV制作很不行。,445a9d83,247.84600,0
全体起立,627c869,127.73900,0
啊啊啊啊啊啊啊啊啊啊啊啊啊啊啊啊啊啊啊,758e27b1,305.70200,0
起立,9a7adb73,334.49800,0
这才是1月最强，居然能出第三季,445a9d83,205.94100,0
草，天冲！,961c21c,285.76000,0
记录的地平线第三季我的发,42a25ec0,204.48300,0
我的天这一季也太豪华了点,3941032d,225.24600,0
为巨人献上心脏,d663dd7e,294.90900,0
全体起立！,cd3e18a3,302.44600,0
献出心脏,6d52d311,346.67600,0
。。。,7eaec768,688.66200,0
爷青回,15a2a98c,5.31900,0
起立,522c665e,215.75600,0
好好看啊,fe0769b0,731.55300,0
境界真的是有生之年啊,c05415a3,194.61900,0
古力夏直呼内行,ffaf081f,583.81500,0
爷青回,2d1d3f2a,11.31900,0
我教你泡我？,d6a072e5,440.31000,0
帥哥！朋克！,fe0769b0,621.95300,0
ohhhhhhhh,acce743a,168.12300,0
全体起立,a914890a,349.39800,0
这个之前不是出过短篇吗,49c99cd0,397.84300,0
ohhhhhh,8de525ff,8.02700,0
我的天啊好豪華,fe0769b0,610.31300,0
全体起立,b00d84c8,224.89900,0
这个发型一看就知道打牌很np,681daeb8,587.53900,0
哇艾倫hhhh,fe0769b0,595.11300,0
小信？追了,ffaf081f,402.39100,0
超喜欢这部！,c0fd4227,386.29900,0
我好激动！！！！,d35f9c83,717.30900,0
ohhhhhhhhh,e848b163,170.41000,0
漫画超爱,7dc2423e,404.66400,0
说完就被吃了的可怜孩子,ffaf081f,372.81300,0
害怕,7eaec768,291.88000,0
我靠啊啊啊啊,f5a1c0a9,188.56400,0
会有文野汪嘛,f5a1c0a9,183.87100,0
ohhhhh,7eaec768,271.49600,0
喵帕斯！,d6a072e5,141.22800,0
啊啊啊啊啊啊,ff9242f5,387.30500,0
五月天下第一,ac0fad4c,288.40400,0
好追了，什麼，都別說了,fe0769b0,497.79900,0
五月是天,ac0fad4c,268.77700,0
追不过来了呀,7eaec768,221.58300,0
哇,7eaec768,213.21400,0
paly maker!!!!!!,abc639aa,586.03500,0
悠木碧！！！,98dea343,641.37100,0
全体起立！,c61f644f,299.12900,0
来了来了,7eaec768,134.59000,0
阿阿阿阿阿,fe0769b0,298.70000,0
666,34c8380e,6.45000,0
啊啊啊啊啊啊啊啊啊啊我的少女心复苏漫,43175cfa,388.15000,0
三九天下第一,118baefc,276.92200,0
泥头车嘟嘟嘟,b50f030f,689.17300,0
！！！！！！！,a85d5a5a,311.75400,0
鸡皮疙瘩起来了,51f885d3,362.23300,0
握草？！！！！,1b421bf2,532.01900,0
阳光二次元可还行？,fb7f0d01,65.13900,0
！！！！！！！！！！,51f885d3,295.27000,0
卧槽卧槽卧槽 终于等到了，妈惹法科！！！！,fc5e2af0,214.69000,0
全体起立,51f885d3,295.27000,0
ohhhhhhhhhhhhh,25e446e2,174.38600,0
Ohhhhhhhhhhhhhhh!,10f3324b,175.61900,0
啊啊啊鸡皮疙瘩,36baf7a5,346.42400,0
全体起立,51f885d3,295.27000,0
爷青回,7d38cc01,7.89000,0
吃便便还能继承麻麻肚子里的微生物群,8773557c,492.23800,0
ohhhh,10d04348,272.10400,0
前面说后面小说看不下去的，不止你一个，我也是,7f0d9a41,714.45000,0
哇哇哇,b75329f3,532.80100,0
起立啊啊啊啊啊啊啊啊啊啊啊啊啊啊啊,36baf7a5,294.49000,0
短笛大魔王喵帕斯,ac0fad4c,149.56700,0
老婆！,10f3324b,115.55900,0
全体起立,e1a1bf0c,176.98400,0
献出心脏,e6ac7eaa,302.68500,0
俺也一样,d5bcfa4d,645.13500,0
喵帕斯,ac0fad4c,141.97200,0
全体起立,e1a1bf0c,121.27700,0
千空,10d04348,167.82500,0
全体起立,ac0fad4c,120.21200,0
献出心脏！！！！！！！！！！！！！！！,e7c8525d,299.96900,0
害怕,e7c8525d,292.18400,0
巨人牛逼！！,2c22d321,293.27700,0
全体起立！,bbd3d419,153.29600,0
啊啊啊啊啊啊啊啊,36baf7a5,178.06500,0
老卡车了,d8304cfb,691.89900,0
！！！,83cf84e,207.72100,0
梦幻岛！！！,e6ac7eaa,180.46200,0
吓得我赶紧点了根烟压压惊,ac0fad4c,89.32100,0
和日向打了,10d04348,106.83100,0
打什么？,ac0fad4c,83.60400,0
逼我补番啊,11ef7361,390.82800,0
这么燃,11ef7361,383.17300,0
全体起立,fe9b7098,314.60600,0
爷青回！！！！！！,2c22d321,205.47300,0
石纪元！,ec82c3f6,162.45800,0
啊啊啊啊啊啊啊啊啊啊啊啊啊啊啊,d4efc368,172.17900,0
喵帕斯！！,83cf84e,29.72100,0
爷青回,ac0fad4c,21.56600,0
好我追了,7bd27913,731.98500,0
爷青回,c7727621,8.39000,0
 我是只猪又怎样,4a558a6f,625.40600,0
俺也一样,242581a7,649.48800,0
ohhhhhh,70dd842,161.85000,0
期待蜘蛛子,64577cd3,636.92000,0
鬼灭怎么还没动静 哭了,a916ad55,111.67900,0
典名表扬,324238a2,46.76000,0
来了来了！,d8304cfb,292.21900,0
白,bfb92124,161.33900,0
大葱哥NB,bfb92124,155.53900,0
绝了！！！！！！,971862b6,377.03200,0
ohhhhhhj,93e42137,144.50300,0
啊啊啊啊啊啊啊啊啊啊啊啊啊啊啊啊啊啊啊啊,dce9f6f1,176.28900,0
炒股梭哈可还行,d8304cfb,271.01900,0
2021直接修仙,b23cc170,273.79000,0
追了追了,219491ce,684.51400,0
全体起立！,6713266,293.13700,0
神仙打架啊,d8304cfb,238.77900,0
全体起立！！！！,971862b6,291.78700,0
三玖是天,34daaaf2,281.22400,0
献出心脏,1e16e906,292.05000,0
神仙打架,f8508d66,737.51300,0
啊啊啊啊啊啊啊啊啊啊啊啊啊啊啊啊啊啊啊啊,dce9f6f1,50.31300,0
?直接神仙打架,b23cc170,110.21400,0
来了！！！！！！！！,fc13e733,177.03800,0
哈哈哈哈靠俺也一样,ca19e766,644.17800,0
葱哥！！！,814068d3,156.13900,0
史莱姆的TV不是一直没有完结吗（笑）,41132fbd,103.56300,0
卧槽卧槽卧槽,500ebb30,131.65200,0
哈哈哈哈哈哈哈哈哈哈哈哈,a350e7cd,260.20100,0
？,edc3cfd1,77.94700,0
哈哈哈哈哈哈,d59e582,516.00800,0
卧槽,39d121f6,253.14000,0
虎纹鲨鱼是你个鬼,205a24c8,222.81700,0
余生之年,64577cd3,203.69400,0
有生之年来了,64577cd3,198.92300,0
必须去！！！,76ea2990,337.63900,0
全体起立！,23ea5d54,222.05400,0
樱花动漫看,842cd59e,377.69900,0
这憋了多少年的大招,403d3a2c,769.85500,0
我也。。。,1a240f96,645.70500,0
woc？,ad6e0a3d,389.43900,0
宣战！,1e16e906,357.81700,0
一切都是少昊哥哥的任务罢了,cd89807f,447.39300,0
这PV  我还以为暴雪发的魔兽世界开场cg呢,744c9683,736.23700,0
看完第一集我觉得特别震撼,979ac65f,338.99000,0
全体起立！,1e16e906,296.20700,0
境界触发者，起立！都给我起立！,5ce4b55f,194.03900,0
卧槽！！！！！！！！！！！！,6cb0d127,204.54200,0
为野犬干杯！,a856129d,188.50900,0
献出心脏,979ac65f,303.15000,0
全体起立！,5ce4b55f,154.39900,0
这个可以,76ea2990,84.65900,0
全体起立,33d3a9cd,322.60300,0
撸滴丝？,e6b89d01,752.95200,0
我开始献出心脏！！！！！,33d3a9cd,291.80300,0
啊啊啊啊啊,420804a4,388.67800,0
前方起立,33d3a9cd,286.86300,0
请记得别乱代入自己。,403d3a2c,468.28300,0
卧槽!疯了疯了吹爆,47f9705d,529.21900,0
大一狂喜,42f99254,785.03100,0
全体起立！！！献上心脏！！！,19504813,293.42900,0
来了来了,979ac65f,173.47000,0
太恐怖的冬季档了。。。。。,4fc0c59a,317.81100,0
！！！！,90bba0e2,295.57100,0
这本来就是只蜘蛛,4447968b,634.03900,0
梦幻岛！,549918a6,173.13100,0
好家伙！！！！！！！,33d3a9cd,152.86100,0
神仙打架啊。。。。,4fc0c59a,246.28600,0
全体起立！！！,2e25d91a,386.53700,0
这个是最强异世界番之一了,4fc0c59a,217.42400,0
Wwwwwwww碧蓝冲冲冲,1a240f96,190.41900,0
一闪而过的尤弥尔,49f075c5,376.21900,0
我去这么多。。。。。。。,4fc0c59a,177.98600,0
巨人nb！,7fcd0210,293.89500,0
哈哈哈哈哈哈哈哈哈哈哈,14b69985,521.75100,0
全体起立！！！！,d1775fc3,292.47500,0
nice,6a3f7dc1,179.98900,0
团长！,7fcd0210,246.03500,0
老种田流了,403d3a2c,110.82300,0
为什么每次都是史上。,403d3a2c,40.81200,0
没有,403d3a2c,29.47100,0
巨人的漫画是真的痛苦,49f075c5,349.75400,0
性转？？？,499ffd96,88.33700,0
有钱真好,64dc8e97,737.02700,0
ddrk*me,380a8bd3,350.97800,0
一直刷巨人的你想笑死谁，那么小看其他作品？,eef7e152,749.11300,0
？？？？？？？？？？？？？？？？？,64dc8e97,722.37900,0
！！！！！！,ae6ff6d,158.92100,0
老婆老婆！,7fcd0210,115.92300,0
起立！！！,7fcd0210,114.46700,0
萌王,7fcd0210,99.87500,0
啊啊啊啊啊啊,359b811b,171.36200,0
俺也一样,29d480c,645.22200,0
好家伙 大河内老师。。。好家伙，追了,64dc8e97,617.27700,0
一定,7428463d,341.98200,0
纯腊鸡,2056eb65,563.32500,0
啊我今年高考,f0b8c0a7,778.75000,0
全体起立,7428463d,309.03500,0
草，風笛,6d0dd4ef,266.63200,0
？？？,3f4a933d,491.15000,0
追了,29d480c,547.32500,0
哈哈哈哈哈哈哈哈哈哈哈哈哈哈哈哈哈哈哈哈哈哈哈哈哈哈哈哈哈哈哈哈,64dc8e97,518.50000,0
啊啊啊啊啊啊啊,c601ab32,173.75900,0
新冠应该会登场,503e5f87,51.68300,0
爷青结,bc73278a,344.68900,0
哈哈哈哈哈哈哈哈哈哈哈哈哈哈,64dc8e97,461.32400,0
哈哈哈哈哈,4a412dce,517.89600,0
真是神仙打架,f59e1a97,181.13700,0
噢噢噢哦哦噢噢噢哦哦,f0b8c0a7,611.79500,0
好家伙,f59e1a97,173.80800,0
卧槽？,220c7a76,669.41900,0
这个哈哈哈哈哈,220c7a76,650.19000,0
来了来了巨人来了！！！！！！！,bc73278a,291.20900,0
传世经典,64dc8e97,409.41000,0
全体起立！！！,db6d9bd9,294.36000,0
爷青回,476fc96,216.00600,0
必须看,64dc8e97,342.30000,0
俺也一样,34e6190e,642.66500,0
全体起立,64dc8e97,298.04200,0
红红火火恍恍惚惚,220c7a76,521.89900,0
啊这个！我对原作印象好深！,5f42c4d3,466.98700,0
啊啊啊啊啊，出了！,d511c443,204.99800,0
居然在年内加更了,8c829de0,6.88900,0
炸出来了。。。我等这个石纪元第二季等死了。。。,b6e7b023,157.20500,0
萌王！！！,29d480c,93.43700,0
社畜没有寒假,5afce29a,30.58200,0
啊啊啊啊啊啊,4a412dce,93.92300,0
好起来了！好起来了！,894548dd,245.13900,0
卧槽七大罪出续集了爷青回,50b99e95,248.71900,0
？？？？？？？？？？？？？？？？,220c7a76,247.64000,0
卧槽？,220c7a76,210.12000,0
史莱姆！！！,29d480c,23.18600,0
这个贼有意思,c12d33b4,626.47100,0
有生之年,d618c21,207.05900,0
爷青回,4a412dce,8.35400,0
爷青回,29d480c,7.31400,0
真豪华,50b99e95,167.36900,0
日常黑網管(1/1),a3c38de6,581.30200,0
爷青回,64dc8e97,6.22700,0
哇哇哇哇哇哇哇哇哇哇,22257019,180.38900,0
确实,c12d33b4,516.75400,0
来！！！！！！！！！！！,8fccabdb,207.17400,0
hhhhhhhhhh,ed97a547,96.93600,0
爱了爱了,2f38c0e5,606.76300,0
anyeyiyang,215323c7,646.14000,0
全体起立！,55b02340,302.16300,0
爷青回,ed97a547,26.65200,0
哈哈哈哈哈笑出口水,82eb14aa,522.28500,0
呜呜呜三玖,c12d33b4,276.66900,0
爷青回,bdbc5f96,4.32700,0
ohhhhhhhhhhhhh,f7cfc3ee,298.31800,0
+,7e838034,320.30400,0
ohhhhhhhhhhhhhhhhhhhh,17ca2740,304.32700,0
!!!!!!,f7cfc3ee,235.87200,0
啊啊啊啊啊啊啊啊,215323c7,298.48000,0
惊喜连连,e5917a3e,28.53900,0
献出心脏！,c5c75cdc,318.70600,0
献出心脏！,f6606ca7,361.60300,0
献出心脏,c5c75cdc,306.32600,0
居然。。。这,ce6c7279,208.86700,0
全体起立！！,f6606ca7,294.24500,0
爷青回,f7cfc3ee,22.93100,0
全体起立,c7da78fa,299.09400,0
俺也一样,457e4135,647.04300,0
这番本来是和史莱姆一起出的吧，后来不知为啥没出了,cd210a6b,729.95200,0
莱纳你坐阿,f53d4aa4,325.48900,0
啊啊这个漫画画的也很好看,7d7ce748,547.56700,0
单的久了看蜘蛛都眉清目秀,f8f27a7f,639.22300,0
过分了吧，这部番就是价值观扭曲而已，,cd210a6b,565.33600,0
好燃！！！,457e4135,379.69700,0
ohhhhhh,a7bcb46c,228.39700,0
yyds,bb6f1e50,364.52100,0
爷青回,a7bcb46c,151.82600,0
无聊的番剧,cd210a6b,435.84300,0
从境界触发者开始鸡皮疙瘩不断,244b9a2f,207.23800,0
这套路太过时了吧,4615c3af,449.60500,0
凹酱！,e35448f6,628.70800,0
啊啊啊啊啊啊啊来了,b54d5bc6,385.65000,0
mappa真的太强了,5619af36,340.92500,0
////////////////；‘,b4c5f76f,305.39200,0
秀,cd210a6b,209.41700,0
/,b4c5f76f,300.16100,0
俺懂了！！！,5d953bf3,614.43300,0
为兵长献出心脏！,c2f84d55,295.79900,0
炸了炸了~,2cfd4d29,387.70100,0
吹爆,66aa118d,178.91200,0
全体起立！！！,c2f84d55,172.35900,0
老祖宗!!!,a964e065,688.33900,0
宫村！,b54d5bc6,25.20600,0
游戏人生？,db6597cb,418.30200,0
冲冲冲！,c2f84d55,118.75900,0
挖，梦幻,2cfd4d29,181.45300,0
卧槽！,44bda510,217.55900,0
这个必看！白细胞小姐姐杀我！！！,7d7ce748,80.69300,0
缠流君?,a964e065,588.97900,0
握草,35e46c57,207.03900,0
狗现充,4cee7184,418.97400,0
？？？,44332ddc,684.18800,0
没有那个必要!!!!!!!!!!!!!,82511fac,386.10500,0
全体起立,f13d0649,295.09800,0
？？？,44332ddc,657.15900,0
？,44332ddc,600.41300,0
卧槽卧槽卧槽文豪野犬！！！！,5d953bf3,191.76400,0
？？？,44332ddc,490.48400,0
ohhhhhhhhhhhhhhh终于等到了,dcfbbc6c,174.74000,0
献出心脏！！！！！！！！！,a76057d5,294.03600,0
拜托啦，这对我真的很重要啦！,5231e112,791.01600,0
腿都断了，别站了,c3a8df6d,174.64100,0
哈哈哈哈哈哈哈哈,d6ba9013,516.01700,0
全体起立,c4991449,144.89400,0
全体起立！,e5e69637,308.16700,0
WHAT？？？！！！,d6ba9013,491.34700,0
除了莱纳，全体起立！,a964e065,300.89900,0
ohhhhh,44332ddc,268.18300,0
啊啊啊啊啊啊啊啊,5451a62f,300.35000,0
好家伙 我直接好家伙,df150b51,513.92700,0
卧槽卧槽这个真的有生之年！！！！,8fe28b42,204.47900,0
全体起立！！！！！！！！,5e692b6a,299.01100,0
全体起立,662eb23f,294.97500,0
全体起立,ac255372,296.00900,0
ohhhhhhhhh,e5e69637,160.56500,0
起飞,7fb5ec13,127.03100,0
？,849da336,698.97300,0
啊啊啊啊,5451a62f,156.34900,0
神仙打架呀,289b3b8c,266.35000,0
？？？？,44332ddc,78.00900,0
豪华,289b3b8c,159.31900,0
卢姥爷天下第一！,9904a997,745.89700,0
握草！！真的全是我爱的番！！梦幻岛！！,662eb23f,170.85500,0
全体起立！,9904a997,691.09700,0
石纪元！！！,662eb23f,154.43500,0
牛。,3cae011b,523.77900,0
爷青回,d6ba9013,11.37600,0
我哦哦哦哦,84663148,268.46000,0
来了来了,dc9ff94f,179.21200,0
献出心脏！,7910f2a7,308.29600,0
起立,5c607a68,295.87500,0
这都有,ee9d9be5,412.56400,0
巨人现在就在更了,84663148,42.80700,0
巨人nb,39a7a930,309.41800,0
献出心脏,dfd16de1,311.45300,0
没错，这就是一月炮灰番,6d827ab4,666.57500,0
？,ef014969,683.72700,0
我只知道脑垫波,62a4380a,98.05400,0
全体起立,878c96e7,294.88500,0
卧槽天空侵犯要动画化了？！,53014c6b,526.55900,0
葱明人！,e0ee0935,157.49900,0
ohhhhhhhhhhhhhhhhhh,67921788,176.45300,0
哦哦哦哦哦哦！,71af92b7,185.45600,0
啊啊啊,878c96e7,231.05900,0
梦幻岛，靠,878c96e7,171.39500,0
全体起立哦哦哦,5927e747,111.19100,0
一月是诸神之战了,2d6f6f82,734.52600,0
三玖天下第一,fa68b71e,263.35400,0
快进到486成为骑士一命过强欲,5927e747,119.62300,0
献出心脏,dcd37aa1,352.34800,0
爱蜜莉雅的试炼要开始啦! ! !,5927e747,109.99600,0
诺曼！！！！妈妈在这！！！！,82b15f57,173.79300,0
奈非天,55459f6f,654.11000,0
全体起立,dc31da7a,293.09500,0
动物成精了，还能看吗,7d23b36e,237.88700,0
就是这个颜色的对吗,c772906e,536.66500,0
66666,cdb928ab,731.91900,0
出去发现自己才是大boss,36ecf028,662.65300,0
献出心脏,e01fe2a9,292.27800,0
白细胞我的，谢谢,dc31da7a,67.62900,0
我还是喜欢一花,dc74b99a,265.72800,0
这明明是白给！,465b32b3,430.50200,0
风笛？,556552f2,277.73600,0
啊啊啊啊啊啊啊啊啊,46fce3cb,206.33000,0
哦吼,2d6d73e8,762.69600,0
所以井上坚二碧蓝之海什么时候更新,ea737105,769.32400,0
二老婆是我的最爱,411fe5dd,698.92600,0
我哭了,a5f74168,214.16300,0
她来了，她来了,411fe5dd,626.50600,0
这个绝对好看,fb38a1c8,84.59400,0
全体起立,95e7b472,172.19100,0
这个比较属于温馨的那种类型,411fe5dd,550.00600,0
里世界郊游很好看的，有虐的有甜,411fe5dd,536.42600,0
境界触发者！！！！！！,465b32b3,192.48100,0
hhh,a5b27702,291.88000,0
卧槽，希望能回归第一季制作,36ecf028,245.56500,0
小信,ede840b6,403.06800,0
全体起立,606f9cbb,296.21900,0
ohhhhhhhhh,7fcf129d,156.75700,0
漫画看了，确实是垃圾,1de1fa29,563.62500,0
不要提春物，爆炸吧现充,60c07925,453.09700,0
大河内一楼老师哈哈哈哈哈哈,a2e1e040,612.53700,0
作者大大终于出狱了吗？！！！,411fe5dd,207.33900,0
纯腊鸡也太狠了,a2e1e040,564.61700,0
哇，我的天呐，这个绝对是有生之年啦！,411fe5dd,193.97900,0
洛洛历险记,9e7c0ea,428.95600,0
哈哈哈哈哈哈哈哈哈哈哈哈哈哈哈,bde19551,521.12900,0
全体起立,1cc95d5b,298.97900,0
看制作就很穷,6e1797,594.14700,0
难怪看起来男主跟大老师似的,85541a6,446.95400,0
全体起立！！！,80e12cc0,178.11900,0
这么看一八年真厉害,1cc95d5b,96.93100,0
为啥看男主非常眼熟,85541a6,413.42900,0
异世界传送装置,ac807db5,694.07000,0
为野犬干杯！,14d70ad1,189.74700,0
家里蹲咋会让卡车撞死，卡车开到他家了？,82c3fc06,695.92600,0
泽野弘之！！！,6e1797,330.38000,0
这个作者不是进号子了么,96152846,213.73700,0
啊啊啊啊啊啊啊期待！！！！！,4a9a709,173.28900,0
原来这都不知道吗,ac807db5,484.69900,0
啊，看过漫画,ac807db5,421.11700,0
梦幻岛！！！！,af3eb8e9,171.41900,0
爷青回,6e1797,11.43200,0
西顿学园 早科普过了,9e63c152,485.44300,0
全体起立,1d7d560a,296.94100,0
大老师眼神,fef8a25,409.45100,0
ohhhhhhhhhhh,b11f8915,227.37900,0
在哪可以看,3963b0de,373.24600,0
全体起立,afd975c8,293.90000,0
b站没版权吧这个,abe8d263,299.07000,0
？,46270bee,678.47500,0
不存在剧透，因为关注这漫画的早已知道,80f8e4fe,279.01200,0
利姆露，家危速归,a1540555,88.61700,0
哈哈哈，你的源泉我的快乐。,742edb57,529.94600,0
全体起立！！！,8e49d6c2,170.13200,0
就在等这一天，才准备开始看,9790734d,346.84000,0
这。。,1ed648db,171.28700,0
哎呀这个可以,1ed648db,156.78400,0
我吹爆,9063a221,693.41900,0
ohhhh真——有生之年啊啊啊爆炸了啊啊啊,65c420a2,192.47100,0
全体起立！！！,e1ce82e2,146.05900,0
握草这个一月！,fc611c42,196.99900,0
mappa四大冥著,d132c774,335.29900,0
我靠，这太强了,fd64f340,729.23100,0
mappa就是我大哥！,d132c774,299.57900,0
全体起立,d132c774,294.85900,0
ohhhhhhhhhhhhhhhhhhhh,9141bde7,173.61900,0
爷青结,66769bcc,340.37800,0
好家伙，全体起立,d132c774,172.69900,0
一月番爆照了啊,32d7045c,225.75100,0
全体起立,4415edbb,296.81600,0
耶耶耶太棒了,d43a10b7,153.09900,0
哦豁,4415edbb,176.45600,0
第一个p啊，四叶党赢爆了,c4491189,32.44900,0
萌王！？,4415edbb,24.40000,0
杀！！！,2ed90b86,295.55300,0
啊啊啊啊,c9f2e882,210.41700,0
滴嗒嗒滴答滴滴答,f6a6b4b1,305.11100,0
梦幻岛nb,adfe627e,178.77900,0
爷青回！,a2193e0a,204.18800,0
？？这个居然有,2a76097c,215.14900,0
牛逼,b82bc228,293.39600,0
喵帕斯！,2ed90b86,140.72000,0
妹的和我一般大,72519172,692.22000,0
我一个朋友看这个原作漫画戒烟了 说他身体里的细胞们太可怜了,8b5d994f,60.49200,0
全体起立！,1135d0d8,127.83700,0
啊啊啊啊啊啊啊,36806fd9,387.32100,0
众所周知名字越长动画越棒,72519172,650.06000,0
老师狂喜（逃,a2193e0a,35.22800,0
世界的套路？,60ac25ee,437.22000,0
有生之年啊,70341bfb,212.56000,0
爷青回呀。梦幻岛,e9dc2aea,173.85900,0
这个也有 卧槽！,948eccae,205.21300,0
啊啊啊啊啊啊啊啊啊啊啊啊啊啊啊啊啊,79ac4698,176.37100,0
全体起立！,948eccae,171.33800,0
梦幻岛打call,5651d7e,179.50300,0
石纪元，我可以,5651d7e,161.73600,0
全体起立！,1f77983,294.13900,0
泪目～～～～,4adce325,141.54600,0
来了来了,700c1089,12.27500,0
！！！！！！！！！啊啊啊啊啊啊啊,dd6f37bb,385.61900,0
ohhhhh,1f77983,174.91900,0
全體起立！！！！,dd6f37bb,296.05900,0
卡车yyds,76b192e1,690.43000,0
啊啊啊啊啊啊啊啊啊啊啊啊啊啊啊啊啊啊啊啊啊啊啊,76f0ccf5,168.68600,0
人和人的体质不能一概而论,fc75d632,697.29600,0
噢噢噢噢噢噢,7ded142c,387.25900,0
我喜欢这个我喜欢优木碧,31ec746f,634.88600,0
全体起立,8147cf17,110.64200,0
天冲预警,dccb5bfc,283.98600,0
笑死我了,ae333165,601.85900,0
我是只猪又怎样（,3d154cfd,626.30400,0
啊啊啊啊啊啊啊啊啊啊啊啊啊啊,87009556,391.85100,0
爷青回,80fef796,217.65900,0
这都几倍快乐了,8397cf5d,176.29900,0
爷青回,291f006f,13.41700,0
！,87009556,295.33900,0
献出心脏,ae333165,296.37000,0
律？,9557f902,395.50800,0
盲猜弹幕10个看过圣域篇，9个倒背如流,254ddafb,116.05900,0
神仙打架都不足以形容了,76b192e1,381.87800,0
bgm绝了,5c70e1a,748.91900,0
动画下半季做好了486会很圈粉,254ddafb,118.60100,0
全体起立！！！,76b192e1,292.10100,0
大葱头！,275301c2,159.51800,0
里世界超好看,f02df020,535.35300,0
我也一样,dbc26d46,649.42500,0
有生之年啊,ecc8f750,204.13900,0
第三试炼，直面不可能的未来!  !  !,254ddafb,116.15500,0
？？？？？？？？？？？？哇靠啊啊啊啊啊啊啊啊,a021b15e,204.68900,0
ohhhhhhhhhhhhhhh hhhhhhhh,76b192e1,92.57500,0
我记得这个小说从男主婴儿一直写到男主老死 非常的硬核,c045f6bf,734.63800,0
宣战！！！,e922b1fa,341.99000,0
润润？？？,ef46063f,572.19000,0
lsp了,88062070,683.26100,0
hhh感觉很不错！追叻,c1a1fb5f,448.13600,0
2333,87f9d127,680.98300,0
ohhhh,2907192d,154.17400,0
俺也一样,88062070,642.91700,0
！,3e9b2e4,297.25900,0
塔塔开！塔塔开！,5219fab,286.38500,0
下次一定,205bd430,793.21900,0
hao ke ai,b5a38e4b,644.67000,0
芜湖! ,eaf6e183,115.08100,0
起立,d3db879a,350.86500,0
啊啊啊啊啊啊啊啊啊啊re0,eaf6e183,113.50200,0
RWBY？,28e3fde2,511.45400,0
哦吼?平职?,b59655e9,665.42700,0
ohhhhhhhhhhhhhhhh,eaf6e183,117.37700,0
这个漫画追了好久,c33f0088,384.21700,0
约梦！！！！！,b5765c2e,177.81900,0
看不完了,b5765c2e,162.29900,0
全体起立,5927e747,114.27300,0
萌王,b5765c2e,95.09900,0
现在TMD所有人给我全体起立！！！,5927e747,111.07300,0
起立！！,b5a38e4b,293.01200,0
我的天，一月新番炸啦！,c33f0088,223.37900,0
re0!!!!!!!!全体起立啊啊啊啊啊啊啊啊啊啊表白贝蒂碧翠丝,5927e747,109.27300,0
你上次也是这么讲的,c904d335,14.73900,0
oh！,b5a38e4b,223.03900,0
爷青回！！！,c33f0088,174.69900,0
卧槽！,8cd54807,201.82900,0
啊啊啊啊来了！！,b5a38e4b,170.21700,0
ohhh可惜结尾莫名其妙,4ad13e7a,525.02600,0
啊啊啊啊啊啊啊啊啊啊啊啊啊啊啊啊啊啊啊啊啊啊！！！，,c1a1fb5f,172.41500,0
期待啊,25b81bcf,632.75100,0
486冲冲冲,254ddafb,116.16300,0
利姆鲁大爷！,b5a38e4b,91.28400,0
好耶！相声王来了,8cd54807,108.94700,0
摇曳露营！！！！！！,efcd84bb,130.61100,0
486真男人！ ！ ！,254ddafb,111.04900,0
确实,e099d5f8,134.46300,0
哒滴滴哒     哒滴滴滴滴哒 ~,5cf8171c,319.92000,0
wcwcwcwcwcwcwcwcwcwc,d3ce6553,206.65900,0
阿啊啊啊史莱姆,b5a38e4b,30.97200,0
Re0啊啊啊啊啊,254ddafb,109.88900,0
好像还有eva吧？,4ad13e7a,388.45300,0
全体起立,d8b83d04,295.29400,0
爷青回！！！,8691753a,171.18900,0
ohhhhhhhhhhhhhhhhhhhhh,8691753a,158.00200,0
骨王呢,445e1323,122.53700,0
花嫁花嫁花嫁,cc7f0ce0,24.37400,0
一哥终于来了，让他们见识见识把,aed832c7,694.27400,0
全体起立,4c7c3395,300.03200,0
啊啊啊啊啊啊啊啊！！！！！,47ba6052,296.51000,0
奈落,eff8d05d,631.13700,0
nb嗷,eb80ff27,757.43900,0
原来你以前不知道呀，哈哈哈,a08bc204,485.21700,0
老爽番了,eb80ff27,674.25900,0
爷青回,3b2b9cc9,29.20800,0
AHHHHHHHHHHHH,e4ff93b,386.76700,0
全体起立,dfee796b,188.73500,0
起立！！！,9a7d1498,294.31900,0
MD 三叶天下第一····,f67082c2,791.12600,0
这也出续作了？,ee77787,243.94700,0
文豪！！,9a7d1498,189.09900,0
全体起立,7d91f785,290.42300,0
握草,8e5deb12,92.19900,0
工作细胞！！！！！,e8f431a,40.02800,0
我也是！超级怕蜘蛛！,95123860,648.50500,0
草，下意识以为他要说：啊，帕帕戴斯耐,457a1c0,744.05500,0
下次一定,d2e40e25,788.19900,0
献出心脏！！！！,bb1ac663,303.16700,0
？？？真的就神仙打架呗,ee77787,222.98700,0
害怕蜘蛛等我,f5c0a414,649.09900,0
这么多 能看得过来吗 烧脑啊,35249938,739.81100,0
好耶,83b23590,125.33900,0
为野犬干杯！！！！,db291eca,186.84100,0
感觉整个寒假躁动起来了,e6168d92,162.72000,0
哇，这真的要追的也太多了,ee77787,154.88300,0
抑郁症？,ed20266f,555.68900,0
来了来了,8ca8770,621.66300,0
爱了,8ca8770,600.67200,0
爷青回,8ca8770,57.59000,0
吓得我又抽了一根,b5c2f87c,85.41100,0
打什么？？,b5c2f87c,76.30100,0
爱了！,3ebfca1e,355.34300,0
献出心脏,aaa9af58,297.37900,0
来了！,3ebfca1e,317.36300,0
ohhhhhhhhhhhhhhhhh,95123860,172.15900,0
这画风让我想起了kk尊哥，瞬间就想看了,ee77787,35.72300,0
真.史上最强,b5c2f87c,14.94100,0
来了来了,b5c2f87c,6.03300,0
啊，我滴封面呢,80ee1be,771.85800,0
这个一月也太牛了吧。简直神仙打架,e11e3576,758.11300,0
芜湖！,f5d55955,222.94900,0
卧槽牛逼！！！！,e11e3576,738.91300,0
追了 追了,35249938,447.65900,0
激动,aaa9af58,175.27900,0
全体起立！,cd894aa8,299.42500,0
爷青回,f5d55955,170.40900,0
ohhhhhhhh,f5d55955,154.92900,0
牛,9a665388,160.55400,0
遁入智瞳,bcffe968,133.10800,0
？？？？？？？？,cbe10017,684.02700,0
这么牛逼吗,e11e3576,614.11300,0
哈哈哈哈哈哈哈哈哈哈,e11e3576,515.38200,0
？？？真的吗,e11e3576,487.22200,0
献出心脏,ac384802,301.02700,0
开头介绍有点像惊爆游戏哈哈,be6270b7,430.33700,0
颜色表立！！！！！！,d4770568,341.96500,0
太燃了吧,e11e3576,379.42200,0
EMT呜呜呜,e4ab731a,117.26100,0
我的宝藏漫画，特别好看,4f9f81fc,462.35200,0
全体起立！！！,e11e3576,292.46200,0
全体起立,e4ab731a,114.24400,0
ohhhhh动物狂想曲！！！,e11e3576,226.10500,0
起立！！！！,e11e3576,221.34500,0
爷青回,ac384802,11.72400,0
俺也一样,21d9ac98,647.36700,0
汪！,e11e3576,191.99000,0
ohhhhhh,54b4e36e,158.82800,0
笑死我了,21d9ac98,577.34800,0
爷青结,cc7bf88e,337.53800,0
神作,cc7bf88e,321.16100,0
哈哈哈哈哈哈哈,21d9ac98,515.57500,0
wc来了,21d9ac98,507.40900,0
来了,98bd1ca2,688.87100,0
全体起立,cc7bf88e,293.01800,0
啊,21d9ac98,486.13800,0
ohhhhhhhh,cc7bf88e,264.57500,0
哦呼,12de04ad,294.49100,0
哈哈哈哈哈哈哈哈哈哈,21d9ac98,462.03900,0
以及子安武人的配音,221de5e2,621.06200,0
求生欲极强,77f9915c,564.90300,0
樱花作战,3cc1bd43,370.20100,0
萌王,d3409355,103.23800,0
起立！,fd906f02,295.73100,0
坏了我感觉一月看不完了,632060e,430.04300,0
堀与宫村！！！！,632060e,389.54300,0
好耶！,5d74f79c,129.94900,0
我的剃须我的纱优呢啊啊啊啊啊啊啊,4e27dd2a,773.61900,0
文野！,b4ff7597,190.43900,0
重点是有可爱的男孩子,221de5e2,494.75900,0
为兵长大人发弹幕！！！,5ac4b7fb,297.45200,0
益达，笑出强大,221de5e2,490.20200,0
剃须呢？我的纱优呢？！,4e27dd2a,762.73900,0
为了兵长,b5530b57,344.89800,0
这个不是四月份播出吗,814c084c,157.67900,0
哇！！！！！,9f5d4424,310.70700,0
假面骑士black,814c084c,82.81900,0
很好 完了。考研结束就放假了,5d53a81d,780.35900,0
来了!,429f2959,132.39300,0
啊啊啊啊啊啊七大罪！！！,b4e08123,248.58600,0
抱走老婆！！！,5ac4b7fb,117.97800,0
七大列强,81119f59,743.95200,0
印象深刻（op刻入DNA）,221de5e2,321.86900,0
印象深刻（满脑子都是）,221de5e2,324.25000,0
全体起立！,21d9ac98,193.77900,0
然而现实中根本不可能，只会是抠脚大汉,74d7625f,430.20600,0
爷青回,d9d8f7ab,209.25700,0
ohhhhhhhhhh,21d9ac98,162.22500,0
啊啊啊啊啊啊啊啊～,ea2fba80,246.37900,0
全体起立,46320d30,297.93600,0
全体起立,21d9ac98,147.51300,0
宅现？,e0b333e,435.33100,0
再次起飞,46320d30,269.25900,0
喜欢三玖我们就是朋友,d535b201,285.15900,0
起飞,46320d30,174.84400,0
爷春回,21d9ac98,13.77900,0
？？？,eb8105a0,516.33900,0
无聊了一年终于大曝发了,95c52433,245.09900,0
握草握草,95c52433,230.53900,0
备考人傻住,d4fad3d4,782.06300,0
ohhhhhhhhh这个竟然有动画了,1f4d0c5,529.87500,0
我擦，也得青春回来了⊙▽⊙,95c52433,214.35900,0
超好看超好看,2395010b,709.10100,0
这个超好看,2395010b,695.16400,0
追,d4fad3d4,740.68200,0
献出心脏吧,c464bfe1,543.57900,0
我的青春,77f9915c,207.21800,0
这个我看过,2395010b,651.39900,0
建议改名一月神仙打架,77f9915c,171.53800,0
献出心脏,3132138e,342.56800,0
为巨人献上心脏,3132138e,293.07500,0
全体起立,3132138e,293.07500,0
爷青回,7be6ff57,205.92900,0
起飞,eb8105a0,217.51100,0
危！,d183d311,293.21000,0
传世经典,2395010b,402.58100,0
全体起立,3132138e,171.22800,0
巨人牛B,a1a572ae,318.51300,0
爷青回,a14f0e85,207.33000,0
四叶赢了,2395010b,284.44500,0
啊啊啊啊啊啊啊,c881c646,296.66200,0
nice,e022212c,387.25900,0
石纪元！全体起立！,e42e4d0c,161.17800,0
？！！！,a1a572ae,229.13600,0
ohohoh,c881c646,226.69500,0
全体起立,20a5101c,126.24200,0
萌王萌王萌王,2395010b,103.16500,0
泪目,ed28ac5a,304.77900,0
全体起立！！！！,2b93a17a,299.04900,0
献出心脏！！,46270bee,291.59500,0
？？？？？？？？？？？？？？？？？？？？？,9ee1e59e,393.37200,0
全体起立！！！,39be641c,302.91900,0
卡车：这个我熟,86fc39f0,691.07200,0
巨人nb,e880b604,292.38000,0
这人出来了？,c0bde8e1,206.31300,0
啊啊啊,964f4e4a,171.24500,0
拜托了，这对我真的很重要！,12d063b3,783.63600,0
ohhhhhhh,964f4e4a,154.74500,0
还开个屁盘，四叶已经拿下了,86fc39f0,268.26700,0
啊啊啊啊啊,964f4e4a,93.42500,0
手什么？,46270bee,74.02700,0
俺也一样,12d063b3,643.49800,0
第二季他会证明自己真的不是龙傲天,7abdfa65,100.81900,0
葱哥 ! ! !,6b3f38c5,157.51900,0
个个年度霸权,264356d8,131.42000,0
蜘蛛子要出了？,6524e6b0,27.77900,0
大河内老师，yyds,5c9bf35f,613.96900,0
献出心脏,b48b693e,299.59900,0
全体起立,b48b693e,294.17900,0
啊啊啊啊啊啊全体起立,b48b693e,173.11900,0
牛逼，全追了,67ac059a,762.93900,0
啊啊啊啊啊啊剛看完沒多久第二季這麼快的嘛！！愛了！！,2209b4b2,173.20400,0
。。。,2221cc32,1.01900,0
这个超级无敌血妈好看,29f7fd06,186.07900,0
我居然看过原作,2864a4b9,647.67000,0
我擦这个终于动画化了,8736f06c,706.78200,0
巨人的弹幕由我组成,ab28d5f6,296.73900,0
蜘蛛子来啦hhhhh,8736f06c,626.01500,0
萌王！,fbbbae9b,92.90500,0
爷青回,fbbbae9b,4.58500,0
四叶天下第一,8e4a1371,287.03300,0
有生之年呜呜呜呜,6f85a704,387.87900,0
梦幻岛啊啊啊，我被炸出来了,59c53eec,172.89900,0
三玖天下第一,a198e205,266.85900,0
三玖天下第一,a198e205,266.85900,0
banana fish！！！！,db4f9139,613.48800,0
好长,86dc8ea8,652.61100,0
蜘蛛子,86dc8ea8,633.18500,0
有生之年,86dc8ea8,547.17400,0
啊啊啊啊啊啊啊,86dc8ea8,551.13700,0
会很尴尬哈哈哈,86dc8ea8,524.68800,0
有趣,86dc8ea8,484.88900,0
来了~~,2e71730,9.99400,0
有生之年,86dc8ea8,392.52400,0
啊啊啊啊啊啊,86dc8ea8,387.80300,0
全体起立,86dc8ea8,300.42400,0
爷青回,86dc8ea8,228.99100,0
哇靠,86dc8ea8,210.49600,0
哦哦哦哦哦哦,86dc8ea8,174.10800,0
我觉得也就中规中矩,589fc04c,104.69000,0
来来来萌王,86dc8ea8,98.76500,0
爷青回,86dc8ea8,18.30100,0
下次一定,336d8f80,762.68600,0
？？？？？？？？？？,61bd8ce7,681.44600,0
啊啊啊啊啊啊啊我活了,e1d6a1fa,611.21900,0
对对，每一季都爆炸,6768f99b,38.49500,0
全体起立,61bd8ce7,293.16200,0
卧槽牛逼,ff8608e6,613.93400,0
没有平职。。,208bec5f,780.04600,0
老套了这套路,1f03c927,430.75300,0
我丢！！！,e1d6a1fa,172.73900,0
我也害怕蜘蛛！为啥是蜘蛛啊！！！,e43989e3,645.01000,0
哦哦噢噢噢哦哦,b8c01708,688.41700,0
献出心脏,d6f56215,303.39300,0
丝之鸽等等我！,96d27961,761.91800,0
落泪 第三季就弃坑了,e43989e3,258.67400,0
爷青回！！！！！！,e43989e3,9.87500,0
ohhhhhhhhhhhhhhhhhh,f576ff1c,156.92600,0
哈哈哈哈哈哈,b13d5f5,518.79800,0
啊,7c279dfb,299.21900,0
ohhhhhhhhhhhhhhhhhh,e04e2de3,111.58000,0
喵 帕 斯,a72c4448,143.15700,0
好耶好耶！！！！,4118dd20,386.06300,0
好耶！！！！！,4118dd20,159.50300,0
添加了十多部想看 不知道到时能看几部,bade84a9,762.08500,0
史上最强一月,bade84a9,753.42600,0
1月异世界不少嘛,bade84a9,689.23700,0
补魔哎嘿嘿,bade84a9,679.71700,0
炸鱼塘 我喜欢,bade84a9,659.73600,0
好耶,189ec54d,173.01900,0
好耶,189ec54d,158.43900,0
懂了截图保存,418c2334,684.15800,0
哈哈哈哈哈哈,53c6568e,522.08200,0
懂了截图保存,418c2334,673.27800,0
哈哈哈,53c6568e,476.08300,0
好，这一定追！,f41affcc,736.06400,0
目测要翻,bade84a9,520.99700,0
hhh,53c6568e,381.58600,0
hh,53c6568e,234.58600,0
喔！！！,3e839a02,735.33100,0
爷青回！,fb83a966,99.62200,0
！,53c6568e,175.67500,0
一定要看,d3bffd68,564.94900,0
雷打不动！！,53c6568e,121.67100,0
呜呜我还等着ichu,4d1a6aa2,765.48300,0
全体起立,e0795d8,295.31000,0
有搞头,7099583a,729.37900,0
23333,bade84a9,460.68900,0
噢耶！,f41affcc,147.00900,0
喵帕斯～！,f41affcc,141.23400,0
咳咳，纠正一下，是动画，真人电影，真人电视剧一股脑上映,bade84a9,403.14000,0
萌王萌王萌王萌王萌王萌王萌王萌王！,4efdccb1,89.66200,0
说的好再来一根烟。,d3bffd68,76.71900,0
酷！！！,3e839a02,205.85400,0
这个真人版同期上映真的顶,bade84a9,398.27100,0
全体起立 献出心脏,bade84a9,339.29700,0
‘；/；/’/。了“？ /c‘,ccba1794,780.14000,0
这玩意儿争议剧情搞得我看不下去……,e07761a3,730.32400,0
又见炒股,bade84a9,263.75500,0
简直是魔鬼1月啊,bade84a9,241.88700,0
有生之年,bade84a9,214.46600,0
；/‘,ccba1794,260.08600,0
有生之年,bade84a9,210.77500,0
爷青回,9b7279cb,9.15500,0
巨人：你特喵的在说什么？,a83a846e,741.76900,0
卧槽 1月简直是爆肝,c4851fc8,279.92600,0
111111,10288a78,5.05900,0
梦幻岛！！！！！！！！！！！,6071dd49,170.93900,0
咱住在乡下？,5b8502b5,29.48100,0
碧蓝航线啊啊啊啊啊！！！！！！！！,98188147,187.47600,0
献出心脏！！！！！！,276ea678,295.59900,0
大爷～～～,4e0d9699,294.08100,0
啊啊啊啊啊啊啊啊啊啊,4e0d9699,294.08100,0
俺也一样,c121e776,648.28600,0
漫画真的好看！,aebc65d1,402.35500,0
啊啊啊啊啊啊啊啊啊啊啊啊啊啊啊啊啊啊啊啊啊啊啊啊啊啊啊,6c02632a,228.94600,0
啊啊啊啊我的青春！,aebc65d1,385.32600,0
永带妹,aa4c41fa,746.03700,0
富二代吗,aa4c41fa,722.39700,0
知道哪里看了,1c541024,686.56600,0
懂了，必看,aa4c41fa,683.23700,0
男的流子,aa4c41fa,582.99700,0
论穿越还得是抽水马桶穿越法哈哈哈哈哈哈！,8b457247,696.18900,0
哈哈哈哈哈,aa4c41fa,510.55700,0
起码比第三季强太多,6c2fdc00,364.78800,0
这也能第二季？,aa4c41fa,264.56000,0
终于到高潮了七罪,aa4c41fa,244.82000,0
你原来不知道吗？,5f92ab3,482.64400,0
真·有生之年,aa4c41fa,146.83900,0
好可愛！,202e95e9,637.76700,0
是的是的,d5d2d7e0,713.07700,0
日男,64a13807,427.77500,0
卧槽,3589db35,609.23600,0
这个看过漫画，期待,417086ff,542.08500,0
好有趣啊！,202e95e9,476.07500,0
ohhhhhhhhhh!,417086ff,203.66400,0
beastar永远的神！！！,4a743069,230.03000,0
境界触发者！！！！境界触发者！！！！境界触发者！！！！,64a8ce45,198.77300,0
四叶赢了,1751e94d,284.25100,0
！！！！！！,faf8d57,153.55800,0
股市开盘了昂,6063e4fb,262.12300,0
献出心脏！！！！！,c5392fdd,296.26400,0
三玖天下第一！,c5392fdd,268.97400,0
葱哥！！！！！！,af116b4f,155.15500,0
这个真吹爆,e17af7ef,392.76100,0
诺曼！！！！！！,3747ab07,170.04600,0
大河内。。。！！！啊这，是不是要过两年再看？,4a920fa5,615.33900,0
卡车的起源,55e259a,711.51900,0
b站可以看，但搜不到，可以在别人的追番列表里看到，说不定lex的追番列表里有呢,3fb91a76,314.58200,0
！！！！！！,a01f54f5,415.99400,0
啊啊啊啊啊啊啊啊,a01f54f5,388.70000,0
像as109可还行？！小伙子你很不对劲啊！,bbbf342f,734.00600,0
听成了接吻能进入。。。,bbbf342f,664.55000,0
三玖天下第一,1ff113a2,265.45900,0
啊这,bbbf342f,595.73600,0
啥啥啥啥啥,830aee9e,211.13000,0
起立,3077f482,267.83900,0
这个主要是看EVENT还搞不搞,cb13e090,267.03600,0
b站买了吗,2833d8e0,759.12700,0
这番就是正义,cb13e090,129.13700,0
喵帕斯~,a1d2fe2,141.71600,0
前面生物老师那个我们老师直接课上播,987a2896,53.93800,0
全体起立！！,4a440be8,294.43900,0
萌王排面,ed7bdcdd,96.69700,0
草 香蕉鱼,b8dc330a,611.65100,0
咦,e63089cc,678.95000,0
首先，动起来吧！哈哈哈哈哈哈,7c8f0e07,206.37900,0
梦幻岛！也是个神作！下一季度真的史上最强了我的天！,7c8f0e07,174.45900,0
石纪元啊啊啊啊！神作！,7c8f0e07,156.05900,0
哇！好的 考完试就追！,5574bd7a,783.28000,0
记录的地平线！,7c8f0e07,16.93900,0
啊啊啊啊啊啊啊啊啊啊啊啊终于动画化啦啊啊啊啊啊啊啊啊啊啊啊啊啊啊啊,f7a6a6a3,386.65900,0
起立！！,2c328a7c,111.83800,0
爷青回,a41bcc48,2.20800,0
啊啊啊啊啊啊啊！,5949e1df,170.83900,0
来了来了,29834ae6,243.81500,0
有生之年,9ac66e8e,211.35200,0
就这一幕真他喵的像as109老师的作品,ea78d17d,725.08600,0
？？？？？,aea2698a,532.19200,0
//////？,aea2698a,521.46700,0
//,aea2698a,512.87900,0
什么叫排面啊,1052f99,356.75400,0
好家伙,aea2698a,475.37600,0
全体起立！,1052f99,291.12700,0
啊啊啊啊啊献出心脏吧,afbdf16c,297.59800,0
来了,aea2698a,277.67300,0
啊啊啊啊啊啊啊啊啊！！！！,22c833fe,388.61900,0
卧槽 天空追击,cadc0c58,530.98500,0
三玖天下第一！！！,1b307863,264.49900,0
你每期都这么说,312b47c0,15.73900,0
在？宝石之国第二季做一下？,56c959e,229.06800,0
