是阿米？？,68bd31fb,431.23500,0
吃米！？？宝剑嫂说,68bd31fb,431.23500,0
苹果打钱,e24667b3,279.21400,0
哈哈哈哈哈哈哈,cf198311,785.15700,0
25.6了,81760ef7,794.93300,0
你是黑的哈哈哈哈哈哈,cf198311,660.05700,0
哈哈哈哈哈哈哈哈哈哈,cf198311,636.30600,0
好看,cf198311,593.39800,0
然后,cf198311,554.41100,0
哇哦,cf198311,510.46900,0
阉鸡,cf198311,477.82800,0
哈哈哈哈哈哈,cf198311,460.95100,0
真爱,cf198311,385.00000,0
白给,cf198311,349.72800,0
电费爆炸,cf198311,314.72800,0
哈哈哈哈哈哈哈哈,cf198311,263.34200,0
哇哦,cf198311,239.56400,0
哈哈哈哈哈哈哈,cf198311,215.84800,0
哈哈哈哈哈哈哈,cf198311,101.96600,0
阳光过敏？？？,cf198311,61.72500,0
稍微好看,cf198311,26.94000,0
俗称 美妆博主见光死,d359aaeb,87.48400,0
直男风,f0dfbf97,233.43000,0
自己没有那种感受就不能体会别人,624f9f37,61.75800,0
真的有阳光过敏啊 和灰尘过敏一样的性质 对光很敏感 为什么杠啊,624f9f37,61.75800,0
一般吧,ff7f936f,521.06900,0
这个顶天立地架子真的用处很多,908341d1,173.71300,0
这有点弱吼,ec6d8304,721.60300,0
？？？？,ec6d8304,696.50400,0
亿点,e4ab1e30,11.49600,0
哈哈哈哈哈哈哈哈哈哈哈哈哈哈,ec6d8304,686.83600,0
哇啊啊啊啊啊啊啊,ec6d8304,254.02400,0
25万；,4945d1be,791.36600,0
超级好看！！,4f4ac1b5,584.61000,0
6666,4f4ac1b5,527.51700,0
77777,4945d1be,377.74600,0
一模一样！,4f4ac1b5,452.35900,0
hhhhhhh,4945d1be,282.42100,0
Tim很强！,4f4ac1b5,274.24700,0
这个效果真的好,22a421ab,564.39800,0
阳光过敏？？？？怕不是吸血鬼,ffbadc63,51.22300,0
买个镜子吧,12fa7641,612.52200,0
阳光过敏怎么了…有点皮肤敏感的人很多都阳光过敏…就是紫外线过敏,a2ac3f85,51.51900,0
这是准备干装修了嘛,e24667b3,41.62100,0
万象城？,508ef921,350.35800,0
搭配不行啊,f415799,731.65100,0
雨哥白给哈哈哈哈哈哈哈哈,3ba9002,271.75300,0
这不是喷烟机吗哈哈,d7fc8af1,305.47000,0
提姆主业苹果销售,d7fc8af1,283.11200,0
不忘初心,d7fc8af1,220.05100,0
ohhh这个灯好好看,12a1a643,247.15900,0
我感觉嫂子好感动,887dc0aa,617.37500,0
尬,de90a06,723.02800,0
25了,887dc0aa,366.86900,0
啊啊啊啊梦幻联动,887dc0aa,12.87200,0
我也阳光过敏啊 有什么扯的 没见过不代表没有,f619318a,67.76800,0
高级,5c966611,534.39300,0
牛逼,5c966611,526.01100,0
这个房间不会很热吗,f609c9f8,416.58300,0
哈哈哈哈哈真爱,f609c9f8,281.24800,0
哇好好看,f609c9f8,223.47800,0
哇,48557343,443.96600,0
嫂子靠颜值撑死了整个视频,b1b33c4e,70.42800,0
爱图仕打钱,93fc8121,308.23800,0
爱图仕,93fc8121,303.78700,0
非常好看,93fc8121,223.77300,0
阳光过敏？？？,e84be90e,49.69500,0
又是一期白给 害,a3cb6ec2,765.45300,0
。。。。。。。,ef8b1533,718.85600,0
这个牛,8e58218,438.88700,0
哈哈哈哈哈哈哈哈哈哈哈哈哈哈哈,8e58218,362.30200,0
mini不咋好使,872d1b7e,256.04400,0
白给,8e58218,268.94600,0
危,8e58218,216.31700,0
太尼普了！！,8e58218,120.44500,0
25万了,9c67f7a6,794.76900,0
哈哈哈哈哈,596ad2ca,669.88700,0
狗粮,596ad2ca,371.17400,0
牛逼,596ad2ca,339.39800,0
危,134c405b,33.49900,0
哈哈哈哈哈,596ad2ca,262.08600,0
哈哈哈哈哈哈哈哈哈哈哈哈哈哈哈哈哈哈哈哈哈哈哈哈哈,c14b5a80,682.93700,0
哈哈哈哈哈哈哈哈哈哈哈哈哈哈,c14b5a80,672.13000,0
雨哥白给,e8310445,341.59500,0
真的好看 光线很好,8756a8e4,585.02300,0
小黄人音效,ddd880d4,293.59100,0
包袱没响,28d8f684,725.40100,0
放家里太突兀了吧！！,7b402c16,319.13500,0
来了,58099055,29.68500,0
刚做完题,58099055,17.18600,0
瘦了,e4f12ebe,89.59100,0
淦吃到tim和小鱼狗粮,d5013c6c,533.56100,0
Tim就是之前请了eclife去改造吧哈哈哈哈哈,d2347f40,225.50500,0
25.3W了,627eb2ee,366.75700,0
使用前和使用后的区别,e0abf23b,536.49200,0
般配,56dfd325,388.55100,0
直呼专业,8a502697,516.32100,0
好棒阿,8a502697,516.32100,0
嫂子看起来真的特别开心哈哈哈哈,aaffdde2,641.87900,0
阳光过敏……,15a74283,64.70600,0
chimmy哈哈哈哈妈妈在这！！,53f71e25,433.30200,0
哇！真的好看了！,7be05926,645.38700,0
今年到底咋啦？连Tim都转行了？,c66b0240,14.49800,0
好看！！！！,6df3f42,583.67800,0
且慢,dfd7f8a7,745.09900,0
嫂子好漂亮！！,6df3f42,567.46500,0
哈哈哈哈哈哈哈哈哈哈哈哈哈哈哈哈,e6275ba5,813.75600,0
危,aaffdde2,28.33900,0
Nike adapt bb 2.0,8b383d31,808.02000,0
我直视阳光一会儿就要一直不停的打喷嚏,a922d43a,68.08600,0
太棒了吧,4e34f702,622.15300,0
好可爱,be7950d6,636.99000,0
还有阳光过敏？,3f1028cc,63.98000,0
想要了,4e34f702,268.96100,0
卧槽,4e34f702,253.44200,0
雨哥白给,7419a643,348.73600,0
25了,256eb546,370.23000,0
阳光过敏，不会是僵尸吧哈哈哈哈,4abdbce,59.19800,0
哈哈哈哈哈哈哈哈哈哈哈哈,a0bd18dc,673.22100,0
高级感,a0bd18dc,509.75000,0
QAQ画质感人,a811c4ae,25.31900,0
哈哈哈哈哈哈哈哈哈,a0bd18dc,398.70600,0
哈哈哈哈哈哈哈哈哈哈哈哈,a0bd18dc,284.95200,0
不忘初心哈哈哈哈哈,a0bd18dc,220.60800,0
长沙啊,b05faeb8,555.04700,0
梦幻联动！！！！！！,a0bd18dc,3.41000,0
我也是紫外线过敏 很烦的,b6b23950,75.53900,0
吼吼吼吼吼吼吼吼吼,949e9dcb,668.97300,0
这袜子,1a9b9491,492.03800,0
散热？,6fa57e12,181.32300,0
什么过敏？,ca5a1b56,56.42700,0
哈哈哈哈雨哥白给,2f39bc14,282.17800,0
新软件就用上了,1a9b9491,328.11500,0
牛逼啊,1a9b9491,314.66900,0
超级焖罐,9a79529,179.39800,0
大气啊,581d340b,350.27000,0
好看,c356c3f,593.37100,0
wow  好宠,581d340b,268.26500,0
弹幕个个都是设计带师？,3ef60a0b,197.41900,0
h h h h h h,c356c3f,282.57000,0
直接偷家,e228ba52,123.46800,0
改小翔哥吧,a83272ed,7.44500,0
吃,1d317a75,278.05600,0
哈哈哈哈,d05a436f,644.44300,0
好看好看,955f5f5e,584.38200,0
故作镇定,5874cfc7,717.06900,0
好看！！,99cb402d,584.35600,0
taihuaile,d05a436f,222.14400,0
hhhh,d05a436f,214.32800,0
般配,72d8c2fe,388.79900,0
新款mini不错,fba84b,535.75000,0
这皮带，减肥成功了,c727e231,156.56700,0
??,6ec8a85b,403.43900,0
这是要转型装修公司吗？,c727e231,85.32200,0
哈哈哈哈哈哈,6ec8a85b,277.27700,0
你看雨哥笑得多开心呀,56a8c71b,414.42000,0
换家,6bc12f87,118.37000,0
白给开始,5a8d4849,638.11800,0
好玩不过嫂子,428e6451,44.65700,0
hi哈哈哈哈哈哈哈,5a8d4849,400.44100,0
哈哈哈哈哈哈,700ff5c8,754.44200,0
Tim Cook,c54065d8,287.46700,0
大神也光过敏,41dd3e43,56.09600,0
哈哈哈哈哈哈,700ff5c8,668.70000,0
哈哈哈哈哈哈哈哈哈,700ff5c8,651.58300,0
开始白给计划,5a8d4849,207.75300,0
辛苦主机了,5a8d4849,176.87300,0
交换空间,c54065d8,72.42700,0
哈哈哈哈哈哈,700ff5c8,457.17800,0
哈哈哈哈哈哈哈哈哈,700ff5c8,274.59100,0
紫外线过敏，很痛苦的,fc4f3f1e,56.89900,0
很好看！,5e7a897a,251.19800,0
tim抱的是他老婆啊…,cebe23eb,552.48100,0
好家伙，三厨狂喜,1c5a03ca,0.41800,0
阳光过敏？？僵尸吗？？,99329260,51.30900,0
用的都是智能的四万块钱不贵了好吧,160dcadf,245.55900,0
九折？,8b204c39,721.56000,0
哈哈哈哈,c5d501ca,685.83100,0
哈哈哈哈哈哈哈,43f5003f,279.55200,0
这灯光打的确实好看... ,a290a715,588.60600,0
珍贵录像,3af78fc0,672.06700,0
这墙纸跟我家一样 哈哈哈,7c1aadcc,42.89100,0
毛到肚脐眼了,f927a0c7,148.30200,0
给了！,cee7791,358.47300,0
技能,953c8100,776.95500,0
空降成功,953c8100,624.38700,0
散热不行,3258a03d,180.63400,0
般配,953c8100,382.16500,0
暂停成功,953c8100,351.42000,0
瞬间就猜到了,c3f5dbe2,703.11800,0
白给,c3f5dbe2,685.06100,0
高级了太多,c3f5dbe2,595.15900,0
下次一定,54d7676c,528.61700,0
漂亮 高级 有点东西,c3f5dbe2,509.13900,0
牛逼 牛逼 牛逼,d5b31ef2,518.81000,0
哇,c665d313,510.64200,0
哇,c665d313,250.63900,0
适宜诶,3541ec36,572.15900,0
我还不够好看么，你不爱我了,6d59c452,33.64000,0
阳光过敏？吸血鬼吗？,67b625a9,57.21600,0
嫂子！嫂子！嫂子！,bc37dcca,30.19800,0
雨哥，我想让你来整蛊我。整死我吧,78ffd47d,460.05700,0
白给,d8888379,680.61200,0
双下巴瞩目,e8203a58,1.29900,0
你觉得都租了这么大的房子了，在意这点电费?,328da965,602.17300,0
天天不一样,9f4b7ceb,23.37600,0
她是怎么活到这么大的？,385edcc8,60.20800,0
什么过敏？,385edcc8,50.26500,0
专业,c893594c,519.83900,0
买他,7259f622,762.85100,0
搬家把四面墙拆下来搬走,3d8b6ed7,761.87800,0
真的比以前好看好多,f9c7f5de,601.34800,0
双厨狂喜！！！,5cab5980,23.33600,0
梦幻联动！！！,5cab5980,8.33700,0
好尬,87a27191,720.79100,0
无语，自己无知，不知道阳光紫外线过敏还在这抖机灵,f9c7f5de,67.69600,0
666,281ebb78,8.75100,0
紫外线过敏的人会很白的,ad954300,61.45800,0
哇！！！太好看了吧！！,371dba81,247.05800,0
哇,301932ca,221.01900,0
情商,85047974,697.85100,0
紫外线过敏啊，也算蛮常见的。,1ee91b7,68.85900,0
布光太重要了,82287072,659.27700,0
苹果：明天来销售部上班,261eb79e,274.28800,0
听懂掌声！,51e56783,289.83800,0
24了,4406876e,374.97200,0
危,d8996e25,597.42200,0
哈哈哈哈哈哈哈哈,61bb23b8,673.62700,0
好看！,61bb23b8,599.32300,0
哈哈哈门都没有,61bb23b8,546.84400,0
哈哈哈哈哈哈哈哈,2cc6df0e,267.07000,0
哈哈哈哈哈哈,61bb23b8,383.47400,0
雨哥大气,61bb23b8,351.82200,0
还好嫂子好看！,61bb23b8,60.14400,0
好看！,e6b2f610,593.99200,0
中世纪KTV就是教堂啊,10c88af0,44.29400,0
白给之王,4a9a23ef,272.10500,0
好看好多！！！好清楚,18b3a3c0,605.45900,0
紫外线过敏，我老婆就是,8b5e4e00,52.57900,0
哇！！！！！！,18b3a3c0,224.83600,0
真的好开心啊,339d9cd6,650.60900,0
哇！真的好绝！！,a3c73f85,641.90200,0
我紫外线过敏而且还对防晒霜过敏,68dd30,56.13900,0
心甘情愿小胖哥,a3c73f85,348.42200,0
哇！好漂亮,a3c73f85,247.02200,0
双厨狂喜,9d963f71,7.31600,0
hard core stuff,760e6367,185.86400,0
这样搬家的话岂不是血亏,8188c4c,134.46800,0
哇,af48ca4,221.58000,0
哈哈哈哈哈,5f825d4a,407.59300,0
安卓气抖冷,9edc229c,334.83900,0
我靠！被吓到几个镜头里看都是美得！啊啊果然适合当美妆博主,f0ba1713,673.47900,0
24.7了都,f0ba1713,366.55900,0
Tim Cook,88423784,410.70600,0
你家由我装  我只记得这句歌词,f0ba1713,84.11900,0
吾辈楷模,88423784,277.78700,0
我想知道那个灯,9312ebda,748.08700,0
人家是up主用这个灯很正常吧,f98f7c17,332.11600,0
眼神光不够亮 有一说一,7445cade,652.71500,0
这是工作的房间又不睡在这里,f98f7c17,138.34500,0
这个宇航员的花瓶！,f98f7c17,103.44400,0
雨哥白给,d58e5a0f,365.54500,0
有一丝尴尬哈哈,b516c789,721.73900,0
为表艰苦，凑这皮带也不容易啊,5c23ff60,146.96400,0
中世纪有KTV吗,ed82f762,41.90000,0
就是紫外线过敏啊,9231c0c0,52.81600,0
哇！！！！！,ded7d6aa,244.51100,0
哈哈哈哈哈哈哈哈哈哈哈哈哈,2352071d,394.76600,0
宜家的桌子耶，我也准备买的,c235dfb6,473.79100,0
我喜欢以前的哈哈哈哈哈哈,8a4a1745,525.25900,0
门都没有,d349b97f,531.29300,0
皮带真是亮眼,1c879db7,160.74600,0
真的好好看啊！！,91f983ae,585.39100,0
三连！！！,b176e86a,793.57900,0
危,337d4c74,580.73800,0
哈哈哈哈雨哥苹果肌下面有两个窝窝,f4feb9b9,271.89300,0
双倍的狗粮双倍的快乐,7afbb67f,789.88700,0
哈哈哈好看但用不上,f4feb9b9,247.98500,0
改造夫妻,7afbb67f,785.28700,0
雨哥没有化妆都变美了！！！,819aeb33,455.58800,0
升格就是慢镜头的意思,2df0639d,755.51900,0
其实是宝剑嫂偷偷和 tim 商量好了（,819aeb33,272.80900,0
推销鬼才。。。M1？？,819aeb33,269.72700,0
这个跟工作室似的,7afbb67f,529.91300,0
满意,7afbb67f,528.85300,0
满意满意满意啊啊啊啊啊啊啊,2df0639d,526.83300,0
离婚,6b0e3aaa,671.95100,0
好看！,aed2f8e7,585.55900,0
般配,6b0e3aaa,385.59000,0
手放哪儿呢！,ecd10617,533.78200,0
我也感觉……喜欢原来那个,5845b0c1,508.35000,0
好好看,c28cc76b,600.57700,0
好好看啊啊啊啊啊啊啊啊啊,93e4755b,606.77100,0
太好了吧,93e4755b,453.98000,0
紫外线过敏一样,44f23563,57.69900,0
炫酷,ebb5316e,247.63600,0
同款路由器  华为Q2,8800f5b2,486.48600,0
紫外线过敏很常见吧,ebb5316e,75.66800,0
一模一样,10048730,83.30400,0
买下来1,20c304af,756.94400,0
吃米崽崽！！！！,5ae3bc7b,429.76900,0
哈哈哈哈哈哈哈哈哈哈哈哈,7969fe2f,687.79900,0
homepod啊,1ca698cc,522.47800,0
为什么不是卧槽,e7c1b52a,561.85000,0
哇好厉害啊,bfcb44bc,448.99000,0
已经20万了,bfcb44bc,371.07500,0
雨哥心惊胆战,bfcb44bc,275.79800,0
哇牛逼,bfcb44bc,251.92900,0
好漂亮啊！！,bfcb44bc,229.50500,0
哇偶,2762f8cc,222.12500,0
紫外线过敏 不能晒太阳,20c304af,52.91900,0
闷罐,2762f8cc,184.18600,0
绝了,acd7cc4f,645.40200,0
太狠了,ede27ee2,348.58400,0
绝美好看,acd7cc4f,585.32700,0
之前的梗生活,4e9093d2,506.46200,0
天才,af31d8dd,451.56100,0
哈哈哈哈哈哈哈哈哈哈哈,e042049a,394.78700,0
24了,e042049a,369.18700,0
立马分手,15b79285,480.26200,0
6,1be76fb,220.99900,0
不结婚生孩子，很难收场了,5b1a8358,619.92300,0
24,6a458ec4,794.03600,0
前面交换空间30的够了哈哈哈我99的也看过,99081d9b,48.95800,0
经典bgm,9016ac6f,675.83500,0
白给,6a458ec4,700.53300,0
我妈睡觉前肯定要再起来确定这灯的确是关了,5b1a8358,326.03500,0
他就是苹果CEO（捂嘴）,acd7cc4f,280.72800,0
坐等妆容改造,30c1fcfb,793.33900,0
一套又一套,ecba4b02,408.34000,0
连环套,ecba4b02,404.67000,0
哈哈哈哈哈,ecba4b02,401.42800,0
厉害了,f896eb6b,509.61900,0
白给,62d5054,723.37200,0
疯狂推销,5b8c358e,264.43400,0
开始整活,f896eb6b,206.93900,0
我喜欢原来的,1a305948,511.48000,0
真门都没有,d6ab0d57,528.43500,0
r6？阿童木？,366432da,435.33200,0
哈哈哈哈哈哈哈哈,4e2b9e60,691.63400,0
哇，好清晰,4e2b9e60,641.97700,0
u,e195e2a3,469.26700,0
笑死,366432da,294.33100,0
哇,4e2b9e60,522.73300,0
被偷家,366432da,118.33000,0
啊啊啊啊破20w了！！！,3428d3d3,0.00000,0
 0,7376adfd,228.55800,0
好看好看,e9b635f2,591.64200,0
太好看了！,e9b635f2,586.38800,0
路由器是华为Q2 Pro字母路由,8cb7450f,223.36700,0
电脑柜？？？,eba88186,386.51500,0
ultrafine 5K！,3043a536,352.23300,0
24了,e4f49fe1,365.86800,0
24万了,2147eb6b,368.47300,0
光白的都失真了……,cdc3ad3,633.55500,0
哈哈哈哈哈哈哈哈哈,6febef0f,724.64100,0
嫂子可爱,6febef0f,665.56700,0
这个真的可以强推,da52bd40,774.39800,0
哈哈哈哈哈哈哈哈哈哈哈哈哈哈哈哈哈哈哈,d4759d82,740.80400,0
厉害了,183f68f1,23.76800,0
对紫外线不耐受,c649bc31,58.26000,0
哈哈哈哈哈哈哈哈哈哈哈哈哈哈哈哈哈,d4759d82,282.10400,0
我去 真牛逼,da52bd40,514.90300,0
[]‘、‘’】、】“”？“”：,48ef546c,817.51200,0
 般配,b12b9812,383.97700,0
哈哈哈哈哈哈哈哈,6febef0f,378.29700,0
必须三连,da52bd40,372.70400,0
标准湖南普通话,18977bed,769.41900,0
《很明显》,e0e0537f,709.23300,0
、、、、、、、、、,1582d83f,626.16300,0
哇！这个效果好好,318a2aac,641.42700,0
tim把嫂子带走吧,5b74355c,494.77900,0
好强想要拥有,318a2aac,528.36100,0
显卡吧震怒,c147ff1c,180.12400,0
哈哈哈哈哈哈哈好,23633ca7,712.31500,0
大哥这样他不散热的,afb0436a,183.43200,0
怎样打,e0e0537f,289.48200,0
挺好的,23633ca7,653.57500,0
好看,9f916f2e,234.46500,0
监视器,f5c3f86d,613.11700,0
过了这几秒了，脑子里还是毛,b1dd5df4,173.99200,0
帕尔马之水,1d5021b,27.10600,0
闷罐,a190f807,176.68800,0
白给,2636fe2a,711.41700,0
气抖冷,661e1042,231.67500,0
哈哈哈哈哈哈哈哈哈哈,66272470,674.77200,0
哈哈哈哈哈哈,1e79e574,279.70000,0
保护隐私好评,57da872d,187.41800,0
暗示了,c2b68051,767.25400,0
主机放这？？？,2fc3cc2a,176.10500,0
紫外线过敏,bcce3f1f,68.82500,0
突然漂亮,48d0e657,228.74400,0
满意啊！！！,a4a9e99e,528.53700,0
我对空气过敏，就是玩着电脑突然全身痒,f7c4821e,74.97900,0
23w l了,6431ed7a,792.27400,0
般配,80c5d052,392.14200,0
真爱,80c5d052,380.43600,0
哈哈哈哈哈哈哈,80c5d052,346.55400,0
不如KTV,7645df17,254.01400,0
啊？就这？,7645df17,228.70400,0
24万,bc081a84,797.68400,0
海皇,be99e35a,3.82700,0
哈哈哈哈哈哈哈,9c7aea04,272.81900,0
嫂子太可爱了,9bbe6111,616.79900,0
中世纪没有ktv,5cb74bbe,42.01900,0
ohhhhhhhhhhhhhhhhhh,25a40a92,786.21400,0
好好看,1c64fb,602.85700,0
就是紫外线过敏，我室友昨天还冷空气过敏,81c2f24d,61.53900,0
高级,1c64fb,513.00100,0
无聊,82383963,780.74800,0
wl,82383963,775.30600,0
专业,1c64fb,461.46000,0
？？？？为什么女生就不能有科技东西，就离谱,d0b83534,231.93400,0
好感动！！！,fe88559b,349.78400,0
好看的啊,768fc4ac,525.05400,0
好尴尬,3366b07d,720.45400,0
哈哈哈这是湖南口音吗,c076553c,548.72000,0
清晰好多,ac3e0f68,655.60400,0
好看！！！,ac3e0f68,593.46200,0
好看！,ac3e0f68,528.75600,0
哇，好白,f4c35fea,642.57900,0
贵呀，同志们,d4177ac9,524.77900,0
般配,74a42d0,381.40500,0
哈哈哈哈,f80df954,672.56400,0
那个柜子的灯是真丑啊,12ec7cc6,530.80900,0
哇！好好看！.,9b381821,640.44200,0
焖罐,623ef6f8,177.76300,0
影视飓风家装公司,29131741,532.52600,0
现在已经20万了,d8307ab1,363.35900,0
被绑架了就眨眨眼,c7ffeb7b,374.36100,0
哇好好看！,9b381821,383.09900,0
大气！,9b381821,354.07300,0
哇！,9b381821,315.50100,0
同款！！,afd9f0a6,46.50900,0
准确点应该是紫外线过敏吧,769864a0,53.58900,0
666,6fd20bf0,187.67700,0
房东说：好的，这就涨,74e2f77e,781.17100,0
房顶,74e2f77e,774.08800,0
23.8万了,5d84aeb6,371.27300,0
直接把这套房买了,6fdfa13f,760.75800,0
把雨哥的乐高送给他们哈哈哈哈,a4428541,783.43800,0
进入主题,9dfb4f1,222.73900,0
nb,156e05f5,455.38200,0
点了点了，不许退,156e05f5,361.17500,0
推销鬼才,156e05f5,268.91900,0
好看!!!!,2e1751bc,582.57100,0
看起来光线确实好了!,2e1751bc,458.53100,0
哈哈哈,8e04caa,273.57800,0
全部帘子的话，要换洗会不会很麻烦,2f83651a,113.58500,0
那个黄色的沙发估计活不过一周,eb23e1d4,541.58400,0
雨哥白给,8be4fe7f,732.44300,0
《交换空间》,2f184c88,139.35900,0
夏天的话,f0bef8d3,417.09900,0
我也是，叫阳光性皮炎,2c9670e7,82.09500,0
阳光过敏是有的，也称紫外线过敏，我就是这样的。不能在太阳底下晒太久，会发红甚至起疹子和水泡的。,dffa63e2,53.13900,0
和我一样!!!!!,80027152,54.01900,0
阳光过敏，就离谱,8f770382,48.55900,0
这个白色地面难打理啊,3270df89,180.41900,0
宝DIO嫂,98352356,51.26200,0
好漂亮,7d92e12,222.54900,0
到了到了,e37ce994,792.45100,0
睡不着的是认真的吗，这是工作间啊,19d598d6,153.24500,0
花式白给,37749d90,704.10600,0
好看,2dcb6b6,248.89500,0
啊哈哈哈哈哈哈,ef6effeb,280.04100,0
回音混响好大不解决吗,37749d90,491.24100,0
哈哈哈哈哈哈哈哈哈哈哈哈好,1ffa6f55,674.24300,0
给他们化妆x，真整蛊√,978025b,777.87000,0
因为他叫tim啊,37749d90,280.95900,0
h哈哈哈哈哈哈,8c1b6ba6,650.60600,0
万一我也想要一个可以为我这么做的男朋友 ,ab2f9c0c,526.74200,0
真打钱了,8c1b6ba6,336.28800,0
雨哥真不错,8c1b6ba6,272.60800,0
卢 本 伟,732435d5,366.78500,0
好高清,6c776509,656.57900,0
哇撒,6c776509,654.53900,0
哈哈哈哈哈,1a0c64f3,707.14500,0
危,59b9675c,644.40400,0
般配,15fad94a,384.42800,0
23.6万了,15fad94a,375.95500,0
白嫖如我竟然给了三连,4f15512e,377.47000,0
ohhhhhh,15fad94a,222.86800,0
阳光过敏认真的吗,e180fee7,50.51900,0
哈哈哈哈哈哈哈哈哈哈哈,1947f49d,695.17300,0
危,1947f49d,612.91300,0
危,1947f49d,584.57300,0
吃回扣哈哈哈哈哈哈哈,1947f49d,301.73500,0
梦幻联动,7c548bf1,2.81900,0
tim cook,1947f49d,259.89500,0
ohhhhhhhh,1947f49d,248.29500,0
哈哈哈哈哈哈哈哈哈哈哈,1947f49d,207.59500,0
哈哈哈哈哈哈,1b4904a8,284.03900,0
好的！三连了,481f54f,798.94000,0
雨哥白给,1b4904a8,211.55900,0
主机:我可真是谢谢你，大蒙罐子可还行,aea2fc5c,181.37900,0
哈哈哈,6564164a,113.64100,0
完了，还要iPad,9956a3d1,332.00100,0
200w的灯？,41290f70,307.39000,0
阳光过敏啊,9956a3d1,310.14400,0
远哥送给俊晖的,f0506fb7,438.71700,0
光敏性皮炎吧,5b80b9d,61.14200,0
暴打他们…（狗头送死）,11e4746e,782.29100,0
牛啊,bdaa8477,525.82300,0
哈哈哈哈哈,3a0bc94c,686.11000,0
跪好！,7bc13fae,0.00000,0
梦幻联动,6b0dd6b5,19.55300,0
《不！忘！初！心》,5c76b7e2,511.91300,0
《全部实力》,5c76b7e2,79.88100,0
《香？》,5c76b7e2,54.26400,0
光过敏就是见光打喷嚏,45133bc1,53.73700,0
暴打！,995153cb,784.59700,0
白给的神,1d21b166,689.98200,0
让一下哈哈哈哈哈哈哈哈哈哈哈哈,1d21b166,649.62000,0
房间变小记,265e54f0,98.15000,0
专业,995153cb,514.57300,0
哈哈哈哈哈哈哈哈哈哈哈哈哈哈哈哈哈,1d21b166,455.31600,0
23万了,48cef628,797.87100,0
哈哈哈哈哈哈哈哈哈哈哈哈哈哈哈哈,1d21b166,358.63300,0
哈哈哈哈哈哈哈哈,1d21b166,342.93200,0
闪电鞭,995153cb,299.06500,0
哈哈哈哈哈哈,df715c4d,669.41200,0
太爱了,30bd31ba,374.42500,0
哈哈哈哈哈哈哈哈哈哈哈,1d21b166,270.05700,0
开心,995153cb,259.72800,0
哇塞,1d21b166,220.82000,0
哈哈哈哈哈哈哈哈哈哈,1d21b166,211.34800,0
满意,a7f72233,526.57500,0
不是满意不满意，而是买得起买不起,ae3cc591,538.65800,0
哈哈哈哈哈哈哈哈哈哈哈,f8d4fd90,742.42400,0
哈哈哈哈哈哈哈哈,f8d4fd90,728.30200,0
雨哥又胖了,a6d9ad87,89.91800,0
好好看!,f8d4fd90,606.35600,0
天才,d7a2e1f3,448.49800,0
Y,e9e37543,6.81900,0
小鱼好可爱,824df4ad,775.07900,0
惊喜,981d974d,36.03200,0
《这个叫艾派德》,be6ce8a0,392.96900,0
哈哈哈哈哈哈哈哈哈哈,be6ce8a0,392.01100,0
你们想啥呢？这是拍视频的地方，并不是用来住的，一切当然以上镜好看为主啊,c5c46e4,433.50400,0
《梦想改造家》,a6b75200,585.90400,0
交换空间B站版,f8d4fd90,85.66000,0
23.4,a31b659c,786.60600,0
雨哥白给,a31b659c,704.95300,0
好看,66ab06e9,591.60800,0
对，我也是光敏。。。,37d6498d,57.17500,0
很棒,66ab06e9,461.05900,0
以三连,a31b659c,368.94400,0
好看！,7cef3fe,524.78200,0
好看！！！！vv！,7cef3fe,516.22200,0
雨哥大气,a31b659c,349.07800,0
科莫多？,fbb16511,812.29200,0
23万了,ca5573fd,796.91800,0
这是个长沙妹陀,a7e85ce7,784.86200,0
前方高能,f79d26e4,660.79300,0
弗兰口音,a17a1137,550.55100,0
对哈哈哈哈哈哈哈哈哈哈哈哈哈哈哈哈哈哈哈哈哈哈哈哈哈哈哈哈,23956909,217.16200,0
确实很多人紫外线过敏啊……很奇怪吗,135fafc5,51.81900,0
晒太阳日光疹，我也是，痒的要命啊,8a8a333d,53.71200,0
哈哈哈哈哈哈哈哈哈,d0168459,272.70000,0
23.3,2ad9325d,373.85100,0
哈哈哈哈哈哈哈哈哈哈哈哈哈哈,43d35f90,273.85200,0
不够温馨了呀,e29d2703,510.00100,0
23.5w了,da35c46,8.04500,0
唯一一次三连奉上了【doge】,fef9b2b3,785.50600,0
哈哈哈哈哈哈哈哈哈哈哈哈哈哈哈哈,fef9b2b3,670.49400,0
哇！！！！,fef9b2b3,650.62200,0
好棒啊,c82b86e6,653.44700,0
哈哈哈哈哈哈哈哈哈哈哈哈哈哈哈哈哈哈哈,b95de4d3,653.82300,0
好好看啊嫂,31a0e742,580.64300,0
哈哈哈哈哈哈哈哈哈哈哈哈哈哈,1c89d867,731.84200,0
哈哈哈哈哈哈哈哈哈哈哈哈哈哈哈哈哈哈哈,1c89d867,712.24100,0
哈哈哈哈哈哈哈哈哈哈哈哈哈哈哈哈哈哈哈哈哈哈哈哈哈哈哈哈哈哈哈哈,1c89d867,675.53200,0
满意,cb5a8eab,528.55400,0
好厉害,1c89d867,516.54200,0
这么大的灯放房间里不压抑吗,52919804,416.88300,0
好成功！！！,7da658fe,657.69300,0
哈哈哈哈哈哈哈哈哈哈哈哈哈哈好可爱,1c89d867,292.53500,0
好看好看,7da658fe,652.65800,0
好帅！！,1c89d867,252.59600,0
哈哈哈哈哈哈哈哈哈,1c89d867,209.31000,0
这个黄头发mm是影视飓风的老婆~,e29d2703,134.54900,0
哈哈哈哈哈哈哈,e29d2703,49.91200,0
电表倒转,4d7253b8,305.61900,0
战损做旧,f9716044,155.82900,0
主机快热死了,cf711448,201.71500,0
闷罐啊,cf711448,186.40600,0
感觉很浪费钱浪费空间也,2ac9470c,419.83500,0
这个也太大了吧,2ac9470c,328.25700,0
《惊喜》,b834fdb9,28.60500,0
感觉这样空间会不会小很多啊,2ac9470c,198.53200,0
强啊,29272b55,221.71900,0
宝剑嫂白给,b13b3795,707.07000,0
。？？？,caab14d,234.89600,0
吃米宝贝！,b5f833a0,443.02500,0
哈哈哈哈,a8a8533,496.16200,0
哭了,f9127a00,417.93000,0
吃米,7c55d4e1,430.07000,0
我擦了,a8a8533,319.50100,0
卧槽,a8a8533,229.39200,0
自称阳光过敏的大多是心里变态,f348c45f,54.13600,0
危,a58d9208,659.73500,0
闷罐boom,132ad53a,185.40500,0
哈哈哈哈哈,d2f45063,481.06100,0
买了不就好了,74028cdb,769.08100,0
哈哈哈哈哈哈哈哈,9843ddef,703.30800,0
白给了,46bf00b6,715.13500,0
整个房间全是布艺家居 窗帘 得很注意防火,797e891a,761.95100,0
哈哈哈哈哈哈哈哈哈,26876e8a,662.59000,0
一群无知之人扣问号，阳光过敏没听说过？,f8952ac8,71.93300,0
恩爱UP主,26876e8a,8.46200,0
阳光过敏是认真的吗,541332cb,50.66300,0
。。？,7636b292,56.04200,0
tim cook 哈哈哈哈哈哈哈哈哈,d8f5744a,258.65400,0
哈哈哈哈,e51e6bdd,90.56700,0
专业啊,e1a5c664,512.69200,0
《交 换 空 间》,431ae869,67.42400,0
我能发弹幕了！！！！,da284c2d,431.17600,0
tim蹲蹲,ebaace62,87.75100,0
交换空间,1797ebc7,84.39000,0
.,da284c2d,392.65500,0
期待改造,18e84275,784.16700,0
23万了,18e84275,784.16700,0
般配,4bceda26,385.05400,0
哈哈哈哈哈哈哈哈哈嫂子脑回路,cf2cf05,684.27300,0
太可爱了！,cf2cf05,639.67300,0
疯狂暗示，买房子，哈哈哈哈,6753dd0b,765.58800,0
拉胯整蛊,39e620b0,737.53900,0
白给,39e620b0,708.58900,0
白给,4e249926,703.58300,0
哈哈哈哈哈哈哈哈哈,cf2cf05,378.87300,0
哈哈哈哈哈哈哈哈哈哈哈哈哈哈,cf2cf05,349.62600,0
好喜欢！,cf2cf05,256.86000,0
拍摄设备怎么搭配,310e7f50,757.21300,0
阳光过敏很正常吧,39028cd2,58.51900,0
22.9,b0d925b7,788.64700,0
到现在还有人不知道阳光过敏。。。,ea058036,58.61900,0
Mac呢,310e7f50,543.72100,0
般配,fb5a4e36,383.15900,0
哈哈哈哈哈哈哈哈,daa2632f,648.80800,0
我去,fb5a4e36,246.91900,0
房间美观不仅仅靠装饰改造 主要是日常的习惯,d23f8452,77.37100,0
好看！！！,daa2632f,583.18700,0
点赞区up实锤,61846b55,362.30800,0
22.9,b0d925b7,364.92500,0
泪目,ea1557e6,768.42700,0
666666,daa2632f,277.52300,0
有了,e8ea38de,372.19000,0
好看！,d491b25e,583.89800,0
哈哈哈哈哈，经典我整我自己,adf6565,100.37900,0
哈哈哈哈哈哈哈哈哈哈哈哈哈哈哈,5ca29f95,667.71900,0
哈哈哈,e8ea38de,222.62300,0
好男人！,c2a9f3cb,475.21100,0
把狗骗进来杀,9524f28b,37.47700,0
太好看了吧！！！！！！！！,c0bd7553,599.29000,0
恩爱？,9524f28b,11.07800,0
好牛！好漂亮改造后,5ca29f95,519.91900,0
白给,ab7a66a2,703.20300,0
大气,ed84858,357.33700,0
改造之后高级多了,c0bd7553,510.49800,0
哈哈哈哈哈哈哈哈哈哈哈哈哈哈哈哈哈哈哈哈哈哈哈哈哈,ab7a66a2,666.97600,0
哈哈哈哈哈哈哈哈哈哈哈哈哈,ab7a66a2,652.82100,0
好厉害好厉害好厉害,c0bd7553,445.19900,0
好看,ab7a66a2,588.81400,0
很不错,3a2f0767,663.51100,0
哇这个灯好好看呀,c0bd7553,249.88500,0
专业,ab7a66a2,450.26300,0
实锤了,2b5847c,406.18500,0
《挺好》,a433ccc8,693.07800,0
牛啊,44bc2544,521.91900,0
哈哈哈哈哈哈哈哈哈哈哈哈哈,ab7a66a2,398.88200,0
哈哈哈哈哈哈哈哈哈,a433ccc8,681.49800,0
阳光过敏不就见光死了…,353d7569,82.41900,0
白给,ab7a66a2,349.20900,0
米家是不是第一个智能家居,702b8172,241.49900,0
jan！！！,dd76604b,441.44000,0
】】=】,88b2bb6e,344.37300,0
哈哈哈哈哈哈哈哈哈哈哈哈哈,ab7a66a2,270.20500,0
hhhh显示器也换了哈哈哈哈哈,cfe2bfb0,354.13700,0
哇,ab7a66a2,249.74500,0
ohhhhhhhhhhhhhhhhhhh,ab7a66a2,222.62200,0
紫外线过敏，我同学也这样，上体育课都得带个帽子坐树下面,da632906,59.12000,0
她好可爱啊,b79dbca0,642.50500,0
绝了,62cdfef0,520.13600,0
哈哈哈哈哈哈哈哈哈哈哈哈哈哈哈,ab7a66a2,49.47700,0
我也是啊，突然大太阳的时候就很容易过敏，吹风也会，有什么好奇怪的,e6835266,82.49400,0
梦幻联动,ab7a66a2,13.25000,0
太好看了,8b661f39,530.33800,0
灵啊灵啊灵啊,29b1e008,563.13900,0
22.7w了,c8a83ae1,795.98100,0
我朋友也是阳光过敏,39c29075,87.27300,0
22.8w了,6e4bf3a8,386.89800,0
前面的说白色窗帘会热，我？？？？？？,2fdeef76,177.53200,0
般配,a3411ca5,386.15900,0
啥过敏？,b79dbca0,56.55600,0
我女朋友也阳光过敏，当时我也懵了,1a8224ed,52.95100,0
我好害怕,b79dbca0,38.14000,0
全白的好紧闭,f87f5201,535.33900,0
tim的同款卫衣走起,ded7d6aa,106.45200,0
梦想改造家,632b2590,27.91100,0
233333,30f7b3cb,689.85700,0
你们这样不结婚很难收场,b3a6a565,389.17900,0
ohhhhhhhhhhhhhh,3ace72b0,218.65200,0
哈哈哈哈哈哈哈,fcd9b882,723.11000,0
搬  家  公  司,1847548c,111.39400,0
用来拍视频的，你们平常看不到，有很多up都是自己打的光,4668f9e8,343.24200,0
这个口音哈哈哈哈哈哈哈哈,c3f7983e,548.60600,0
我去！这也太好看了吧,ff34afec,641.41600,0
小米，让每个人体验科技的乐趣,32063bf3,248.48800,0
米家牛逼,32063bf3,244.36500,0
好看好看,ff34afec,585.52100,0
牛,dbd45822,252.62000,0
你要是敢动化妆品，估计要跟你发飙,1750bf8a,31.63900,0
般配,79400129,382.69600,0
哇哇哇好看,38caf9ac,249.39300,0
哈哈哈哈哈哈哈,dbd45822,87.43800,0
绝了hhhhhhhhhh,b264a33c,691.23100,0
hhhhhhhhhhhhh,b264a33c,669.03300,0
hhhhhhhhhhh,b264a33c,619.63300,0
好看,b264a33c,593.69900,0
般配,5633f523,390.43500,0
哈哈哈哈哈,13c5ac7a,713.78000,0
22万了,c3471be0,363.89900,0
交换空间,df57a034,82.13900,0
钱给够就行doge,9b0d58fc,73.27700,0
hhhhhhhh,b264a33c,404.93800,0
hhhhhhhhhhhh,b264a33c,378.35900,0
白成这样感觉哪里不对，，，,a38e30e5,192.43400,0
hhhhhhhhhhhhh,b264a33c,277.53300,0
哇啊啊啊啊啊啊啊啊啊啊,b264a33c,249.56300,0
白给,a8e4d40c,504.69500,0
好看！！！,a0564bca,585.75400,0
22.5了,1e46ccc3,373.63100,0
太好看了啊啊啊啊啊,a0564bca,523.04200,0
hhhhhhhhhh,b264a33c,47.04900,0
哈哈哈哈哈哈哈哈哈,a0564bca,379.22900,0
哇,add3d925,246.01900,0
哈哈哈哈哈哈哈哈哈哈哈哈哈哈哈哈哈哈哈,a0564bca,283.52700,0
三连了三连了,b4beb05c,365.21100,0
哈哈哈哈哈哈哈,a0564bca,271.23800,0
ohhhhhhhhhhhhhhh,4e7e2578,218.94200,0
救命我好爱！！！,a0564bca,264.94400,0
太好看了！！！！,a0564bca,254.14200,0
啊啊啊啊啊啊啊,a0564bca,249.39600,0
22万了,2ae9d57,793.13900,0
哈哈哈哈哈哈哈哈哈哈,d8915b7a,682.88600,0
销售？,4167eecb,274.97600,0
哈哈哈哈哈哈哈哈哈哈哈哈哈哈,f9199727,407.19200,0
不喜欢毛毯,4167eecb,190.10600,0
地毯容易脏  不卫生,4167eecb,164.47900,0
啊 我喜欢这个灯！！！,1b6696ea,251.45500,0
上面灵啊灵啊灵啊  梦想改造家即视感哈哈哈哈哈哈哈,c5b03d57,561.40700,0
ohhhhhhhhhh,f9199727,219.72100,0
哈哈哈哈哈哈哈哈,9015c606,695.88900,0
tim改造家,1b6696ea,81.07900,0
哈哈哈哈哈哈哈哈哈哈哈哈哈,f17e0ef4,672.55000,0
鹅鹅鹅鹅鹅鹅鹅,14fcd049,705.36200,0
tim好帅呀,1b6696ea,69.65900,0
危,e8e4fec3,39.13900,0
哈哈哈哈,56ce4d1d,697.11900,0
好白,919035a5,641.45800,0
吼吼吼吼吼吼,56ce4d1d,689.76000,0
这可用面积变小了呀,d43ae78f,175.53900,0
高级,7c37a45f,508.48400,0
好开心啊嫂子好可爱,74ff1778,683.17800,0
术语叫做日光性荨麻疹,9dba8619,57.75800,0
危,f7dfdf96,644.29600,0
配般,56ce4d1d,381.57800,0
垮掉,8e29d2a7,729.30000,0
哈哈哈哈哈哈哈哈哈,f17e0ef4,672.04300,0
哈哈哈哈哈哈,f17e0ef4,646.32500,0
哈哈哈销售鬼才,56ce4d1d,275.95000,0
？？？作为一个女生表示房间有科技感挺好的,fd600a8d,227.35900,0
哈哈哈哈哈哈哈哈哈哈,f17e0ef4,378.93900,0
那么高bjs拿不到,5f23d828,526.23900,0
win换mac不会不习惯吗？,cfe309fa,283.89300,0
努力在说！！！！！！！！,fcd9b882,86.45900,0
交换空间,7a0fc703,81.91000,0
好看呀,fe3442da,224.96700,0
暗示雨哥买下来,e4757cb4,762.21900,0
白给了,e4757cb4,715.17900,0
雨哥真男人,83d7b367,358.20400,0
直接白给,fc3c8e79,682.95200,0
强啊,fe3442da,81.61700,0
哇！,640a7fc2,221.41700,0
这个 密室逃脱玩过 真的闻久了 脑壳都昏沉,97eb2a3c,231.45300,0
太假了，烧掉的烟不会这么喷,33d6c1bb,681.40800,0
好tm大的灯,e4757cb4,313.61900,0
长沙塑普,a49dafc2,577.47800,0
好美,9c83af36,586.28400,0
全白窗帘晚上会睡不着的,e4757cb4,133.21900,0
22.2万了,a6d41ab,372.26700,0
雨哥白给,e5778af6,345.14200,0
世纪好男人,866b7455,387.97900,0
/,4569c87f,68.45700,0
般配,73b4844,384.13900,0
哈哈哈哈哈哈哈哈哈,80877043,725.21000,0
惊吓,4f6217a,38.17600,0
哈哈哈嫂子说话好像徐老师,43cf5a65,616.60000,0
太大了吧,e324978a,331.39500,0
哈哈哈哈哈哈哈哈哈哈哈哈哈哈,7ed84e6d,86.88600,0
贵州普通话吗,fa4fb15d,787.04000,0
已经到了哦,7eca3790,791.99700,0
超20w了，快改造,fcf3a438,791.68000,0
哈哈哈,8f8e26a1,669.14500,0
哈哈哈哈哈哈哈哈哈哈,f49b6325,722.57900,0
哈哈哈哈哈哈,e4e1ebf0,376.30500,0
突然吃个狗粮,7eca3790,534.46700,0
原来嫂子和我一样也对阳光过敏！,43655495,49.40200,0
tim牛,7eca3790,452.64200,0
哇！！,6652853b,250.65900,0
好,2d60e4a9,587.34800,0
好看,6652853b,228.30000,0
哈哈哈哈哈哈哈哈哈哈,fc69462e,668.49300,0
哈哈哈哈哈可爱,7eca3790,294.39200,0
苹果打钱,7eca3790,272.12400,0
好看！,fc69462e,585.91300,0
好细心啊,7eca3790,231.27800,0
专业装修hhh,7eca3790,178.21000,0
亿点点,52f66a5f,22.03400,0
白给,437d4f75,720.90000,0
白给,2fb314ba,697.91900,0
哈哈哈哈哈哈哈哈哈哈,437d4f75,693.05200,0
好期待下个视频！！！！,a5de7dac,809.82100,0
可以好好谢谢雨哥,a4518489,786.18200,0
好好看！！！！！！！！！,a5de7dac,590.96700,0
哈哈哈哈哈哈哈哈哈哈哈哈哈哈哈,2fb314ba,394.41900,0
太可爱了,9c2d4dd4,654.25900,0
雨哥可以,a4518489,420.37000,0
哈哈哈哈已经22万啦！！！,a5de7dac,383.11600,0
hhhhhhhhhhhhhhhhh,b57ad653,46.23000,0
宝剑嫂白给,d9269dda,722.95500,0
哈哈哈哈哈哈哈哈哈哈哈哈哈哈哈哈哈哈哈哈哈哈哈哈哈哈哈哈,d9269dda,672.87500,0
哈哈哈哈,6f7e9d30,688.55900,0
猝不及防,7af64393,677.34700,0
《吾辈楷模》,8623d5d4,271.75900,0
交换空间,a5de7dac,82.45100,0
直播间要啥温馨啊…又不是睡这儿,a61df221,522.13100,0
这皮带就离谱,9c2d4dd4,147.45900,0
我去！以后我家也要搞这个,eebcca91,248.53600,0
不太好看咯,e14028b9,533.25000,0
20万了。。。坐等,f746d2f6,16.12700,0
22万了,242859bb,790.99500,0
太美了！！！,ddefdf77,592.53100,0
为了一次整蛊，你至于吧！,5f20c159,357.57800,0
雨哥白给,242859bb,705.25500,0
嫂子脖子好长，真好看,6d803137,591.33900,0
强买强卖！恶霸实锤,26baa013,381.97500,0
好漂亮,68200f96,651.45900,0
OHHHHHHHHHHHHHHHH,437d4f75,225.07400,0
到了，到了,854f579b,803.16700,0
雨哥白给,842153e5,732.23000,0
白给的王哈哈哈哈哈哈哈哈哈哈哈,cf658dc7,710.36100,0
到底谁整谁,2592dcd9,401.93900,0
啊太漂亮了,68200f96,522.57900,0
哈哈哈哈哈,842153e5,647.22900,0
天呐！,68200f96,456.27900,0
哈哈哈哈哈,842153e5,466.42100,0
白给,80b8b857,669.62800,0
哈哈哈哈,842153e5,377.42100,0
哈哈哈哈哈哈,842153e5,357.41900,0
好看好看！,80b8b857,588.56300,0
雨哥白给,842153e5,298.42100,0
哈哈哈哈哈哈,842153e5,282.42100,0
雨哥的苹果肌实在是…,a667f2b0,87.01000,0
哇,80b8b857,247.08000,0
学习到了666,2c83f644,0.00000,0
Tim惨,cd839097,700.11900,0
额...,d4a95977,408.37500,0
为了卖,6b6d9718,304.29800,0
笑死,f2370c69,288.01200,0
额,d4a95977,316.87200,0
白给之王,d79efca9,696.55300,0
《你让一下》,38dd3922,650.07900,0
哈哈哈哈哈哈哈哈哈哈哈哈哈哈哈哈哈哈哈,f2370c69,121.07400,0
太用心了！！！,38dd3922,508.86100,0
哇,20044234,220.47100,0
小米的显示器挂灯,ab18f764,521.62700,0
太细节了！！！,38dd3922,232.88600,0
影视飓风装修up主,41a99477,26.05900,0
《不 乐 观》,38dd3922,35.40000,0
真的好好看呀。,b694b8af,591.75900,0
白给,36e7e05d,703.46800,0
20了,4fbf71ed,364.17900,0
哇,f7fbaa3b,30.18400,0
21.9了,36e7e05d,371.30000,0
Ohhhhhhh,9123c497,449.98200,0
好好看！！,36e7e05d,243.50300,0
超美！！！！,d36ec44c,595.24800,0
好看,d36ec44c,586.22800,0
Ohhhhhhhhhhhhhhhhhhh,9123c497,225.98300,0
真的有阳光过敏，长时间晒会起红斑,c19fe2e6,56.40000,0
timi好帅,bf6c1a89,147.00900,0
冲冲冲,29f3abc,799.85800,0
哈哈哈哈哈,a4a817af,211.24500,0
我也阳光过敏哈哈哈哈,5a19c8fb,67.65200,0
妈呀我之前不爱看宝剑嫂就是因为画质太差了啥也看不清，终于！,d551ef0c,131.57900,0
大招是一台red,2ea7c205,424.42500,0
哈哈哈哈哈哈哈哈哈哈,a48ddf75,683.59500,0
哈哈哈哈哈哈哈哈哈哈哈好哈哈哈哈哈哈哈哈,457a7360,79.97900,0
阳光过敏？？？德古拉吗？,9e5be99a,50.99500,0
雨哥白给的王,936a9481,19.35300,0
ohhhhhhhhhh,29e1289e,227.14200,0
这个真的，嫂嫂在看我！,4350d192,657.87500,0
光线真的好很多,4350d192,590.15500,0
2333333,61918809,686.79400,0
我觉得不好打扫,cda38bf0,526.85600,0
棒呆,1920f9de,515.49700,0
阳光过敏是真的惨,56436fd6,52.86700,0
打出松果痰抖闪电鞭,2b756eb4,287.05800,0
他们会叫打扫的来就好了,fb66d546,145.81300,0
阳光过敏？,72085472,46.98200,0
梦幻联动？？？！,839525dc,19.46500,0
预热,34a8085c,718.99900,0
白给,64f9b54c,723.72000,0
夏天散热差到爆！除非你走液氮冷,afaa82b3,177.99900,0
怎么可能一下则么多烟，而且这肯定有味道的吧,a7bc041,727.32500,0
长沙腔,322132a8,542.93300,0
开启烟雾发生装置,8ea924d0,676.38500,0
tim抱的是谁？,1f0325a8,547.61100,0
嫂子美的！,4366968f,685.23100,0
哈哈哈哈哈哈哈哈哈哈,4366968f,653.31100,0
房东要投诉了，电费飞涨,1f0325a8,183.42100,0
阳光过敏？？？？？？,1f0325a8,54.48900,0
大升格,debd3f7d,745.91500,0
兄弟萌 我把白给打了 泥萌呢,52255d0b,714.59000,0
哈哈哈,2e1d19d8,50.42700,0
这些可拆的，没看视频么,969cbfb9,784.44700,0
人家啥都没说，就你们一个两个嫌Mac不好用,969cbfb9,557.74700,0
脚趾扣地了,36813dd4,727.14400,0
战损皮带,ecdaaa45,148.32800,0
太可爱了呜呜呜QWQ,5c3f81f0,786.96000,0
其实很简单的，嘿嘿嘿，我的房子本来什么都没有，然后弄成了能够生活的亚子，大概花了七八千，一年完了能续租的话真的会很划算，要是不能续租，好多东西都能出个二手，嘿嘿嘿,a594cf18,179.47500,0
吼吼吼吼吼吼吼吼吼吼吼吼吼吼吼吼,5c3f81f0,276.21700,0
这椅子不得换个herman miller,c3ae1b4b,464.61600,0
尬,51d252bc,706.20800,0
《交换空间》,2370726c,543.38800,0
窝巢，这柜子和房间里的一模一样,aba23b6b,467.65100,0
Tim Cook 或成最大赢家,aba23b6b,273.67800,0
这就是包工头吗,aba23b6b,159.97800,0
没味道啊！！,dc21e4db,680.60300,0
跪搓衣板警告！,dc21e4db,672.24300,0
离婚！,dc21e4db,668.11600,0
21.6W!!!,e58ccf19,15.30800,0
ohhhhhhhhhhhh,dc21e4db,244.90500,0
最好弄成网格，否则夏天电脑可要谢谢你CPUl,dc21e4db,181.32300,0
同款音箱,6f97c1ae,328.69900,0
是找公司报销吧…,f025f75b,363.42400,0
我在宿舍也是这样用的,586402d3,161.12900,0
这显示器不是32999嘛什么一万块…,d5e13dc5,578.79400,0
那必不可能退了,100a1b54,371.37900,0
白给？,4281eff6,703.73000,0
阳光过敏就是见光死？？？？吗,c71cd75f,67.49900,0
这位啥不直接上iMac,2cd166df,378.94200,0
马歇尔哦,2cd166df,320.91500,0
应该买白色的嘛,e766760a,383.93400,0
那屏幕是LG的（虽说是跟苹果合作出的）,5e8cec12,442.23800,0
好看！,c84988fa,584.84100,0
打松果谈抖闪电鞭,c1eaa465,286.21800,0
杭州最大传销组织头目,ba342a83,276.39800,0
杭州销售王,ba342a83,270.47800,0
我的妈，这些设备，才4万真的算少了,b1db0b68,403.63900,0
尴尬的你满地找shi吃,62075b76,715.64600,0
Mac mini不算贵，这个显示器到是下血本了,1d428078,384.70200,0
tim cook,d5458d53,284.20300,0
赛博朋克 2077,d5458d53,254.94500,0
这扩展坞就要2000上下了,b1aae4e4,568.33100,0
那个英国手工耿有讲过,a758bb,443.67100,0
真的皮肤看起来好好,fcec728,590.40100,0
这个灯确实照着人好看,fcec728,570.21900,0
湖南人？这塑料普通话哈哈哈哈,942e1e17,549.40000,0
已经超20了,c294e0aa,373.98700,0
21万了,8dd22736,798.32400,0
这种窗帘 究极难打理 用吸尘器还好 拆下来洗了一个人贼难装回去 别问我怎么知道,524306fe,131.73100,0
20万了！,5b0df26a,791.69500,0
《对》,e9f0b250,203.95800,0
整个光线真的好很多,93eb6da3,583.16100,0
莫名王大锤乱入！！！！！,1b2344a8,147.41200,0
嫂子情商是真的高,e17ee061,751.30800,0
说实话如果排除好朋友技术流这些因素，有人改我房间会很变扭,93eb6da3,37.41900,0
哈哈哈哈哈哈哈哈哈,eea8789d,272.20300,0
整蛊自己,eea8789d,105.27800,0
哈哈哈哈哈哈哈哈哈哈哈哈哈,eea8789d,104.43300,0
原来钱花在这,4dccb894,265.65900,0
白给,207bccd6,695.42200,0
欢迎收看 交换空间,48e007c2,74.00400,0
交换空间,d107e8ae,560.35800,0
环境色,134b48f6,121.33900,0
可是显得好挤啊,6f68a610,523.31600,0
有一个监视器了,254429b5,614.60900,0
LG打钱,c45c6dc0,352.25900,0
逐渐忘记封面,254429b5,447.79800,0
非常喜欢,e508e5f7,793.94200,0
好漂亮,7765bc97,587.77900,0
家中常备,8b825798,224.82700,0
真不错,f744adb4,537.70500,0
哈哈哈哈哈哈哈哈哈这烟就楞出啊哈哈哈,6c77ef4a,678.45900,0
哈哈哈哈哈已经好啦！,9cb0e8a2,795.28900,0
《无 间  道》,91ff3567,400.50800,0
我又被秀到了！！！呜呜呜,6c77ef4a,90.29900,0
雨哥还在上班吧,91ff3567,98.69100,0
我同学就是阳光过敏 一晒太阳脸就会起红点 ,bf6d33f1,74.62300,0
21了,23e57b37,370.02700,0
超出认知之外的事，先去查查，懒得查就不要质疑,70471943,77.14400,0
哈哈哈哈哈哈,f95adc36,406.94000,0
哈哈哈哈哈哈,f95adc36,404.94000,0
哇哇哈哈哈哈哈哈哈哈哈,571794fc,274.35100,0
这个全面屏不错,a73e6f0d,532.63800,0
可以改造tim了,67726046,801.33700,0
定上了哈哈哈哈,eee9f380,261.03300,0
哈哈哈哈哈哈哈哈哈,6b02681f,653.38100,0
这个改造太厉害了,d9f81cb5,509.71900,0
用心了,d9f81cb5,449.85400,0
5555好酷,17d43de1,248.46800,0
哈哈哈哈哈哈哈哈哈哈哈哈哈,59933c53,725.49500,0
i哈哈哈哈哈哈哈哈哈,6b02681f,362.78500,0
终于不白给了,b9434372,801.95800,0
woc太牛逼了,d9f81cb5,225.52200,0
桑拿房，一直开空调才行,81becfc9,340.56900,0
我需要这个架子,7045cd7a,167.42600,0
白给,46cca7fe,721.64100,0
雨哥住万象城附近啊 难怪之前有一期去来福士 啥时候偶遇,92f0fe6e,349.75800,0
哈哈哈哈哈哈哈哈哈哈哈,e8027c89,725.05600,0
哈哈哈哈哈哈哈哈哈哈哈,e8027c89,668.63500,0
打光真的很好,e8027c89,661.62800,0
好可爱,e8027c89,638.85600,0
好棒啊,1260faa3,650.29400,0
好好看,e8027c89,589.65600,0
哈哈哈哈哈哈哈哈哈哈,7af81cca,667.75500,0
到了,23b949fd,796.83500,0
哈哈哈哈哈哈,233bf871,681.32900,0
两期都是改造我喜欢的up 太幸福了,218fd2a5,78.22800,0
白给,aeb8af7,720.86800,0
白给,23b949fd,735.43100,0
同款灯,96570417,293.22700,0
哈哈哈哈哈哈哈哈哈哈哈哈,23b949fd,686.96400,0
般配 催婚,1260faa3,382.30100,0
赞已经21W了,4da02da2,367.15500,0
太可爱了,23b949fd,616.67100,0
那個放機箱的櫃不就沒用了?,d8e322e5,388.73300,0
开心开心开心就好,23b949fd,578.27100,0
装修飓风！,57701b0b,139.24200,0
偷塔,a4b594d7,113.26700,0
nb,23b949fd,532.73200,0
ohhhhhhhhhhhh,7af81cca,221.18300,0
偷家哈哈哈哈,e8027c89,116.92200,0
房间不是个人喜好么？,ec55fda5,233.07700,0
装修大师,2948b281,149.37900,0
牛逼,2948b281,147.17900,0
白给,7f37d172,701.92600,0
哈哈哈哈哈,7f37d172,681.80500,0
苹果绝对塞钱了哈哈哈哈哈,dc69fdee,400.06200,0
21,6b32a796,794.65400,0
般配,b1d52b59,382.58800,0
21了,72ad7318,363.06200,0
雨哥白给,b1d52b59,286.23100,0
钞能力,40d66f2d,559.93500,0
这显示器~好想要,9ddaa75b,573.49900,0
噗哈哈哈哈哈啊哈哈哈哈哈哈哈哈哈哈,4cc9cdc4,745.64600,0
哈哈哈哈哈哈哈哈哈哈哈啊哈哈哈哈哈哈哈哈哈哈哈哈哈哈哈哈哈啊哈哈哈哈哈哈哈哈哈哈哈哈哈哈,4cc9cdc4,700.75100,0
哈哈哈哈哈啊哈哈哈哈哈哈哈哈哈哈哈哈哈哈,4cc9cdc4,669.68900,0
绝了,b73e0221,402.05700,0
这个好,7f37d172,245.29800,0
66666666,4cc9cdc4,524.08000,0
这LG 我好想要,9ddaa75b,349.65900,0
嫂子也太可爱了哈哈哈哈,b6c433a9,721.93000,0
666666,4cc9cdc4,479.24200,0
吃米！！！,4a77eb0,436.17400,0
66666666,4cc9cdc4,448.17300,0
！！！？双倍狗粮！！,16279b69,534.03000,0
哈哈哈哈哈哈哈哈哈,b6c433a9,665.64300,0
哈哈哈,42fe6a13,412.03300,0
哈哈哈哈,42fe6a13,405.95300,0
嫂子真的好高兴哈哈哈哈,b6c433a9,635.45000,0
哇太好看啦,16279b69,508.25900,0
哇靠好美,fdbae2b8,516.49600,0
爱了！期待嫂子以后的视频！,b6c433a9,610.18100,0
这是卡萨吗？,d5eca2db,141.99200,0
专业！！真的好像专业美妆博主的背景,fdbae2b8,507.03600,0
看到这里，如果装修就是挂窗帘铺地毯我觉得四万太贵了,77e83934,227.33900,0
主机又没扔，切画面就好了啊,60454d46,504.85100,0
哈哈哈哈哈哈啊哈哈哈哈哈哈哈哈哈哈哈哈哈哈,4cc9cdc4,277.28400,0
期待期待,7270388c,803.58000,0
有20w啦,7270388c,797.99100,0
地板是？,4cc9cdc4,230.72600,0
真好~,4cc9cdc4,190.82700,0
哈哈哈哈哈哈哈哈哈,b6c433a9,393.12000,0
哇！！好好看！！！,16279b69,222.89900,0
你有哪一期一样的,b21cb674,7.34100,0
雨哥缺男朋友吗,53e07631,269.09700,0
哈哈哈哈哈哈哈哈哈哈,a6868ddf,661.55000,0
天呐好好看,a6868ddf,645.57200,0
这样某种程度上实用面积减少了,5ecaa848,186.83300,0
？！！！梦幻联动,16279b69,10.54600,0
大马勺真的爽,834399f7,331.91900,0
哈哈哈哈哈哈哈哈哈哈哈啊哈哈哈哈哈哈哈哈哈哈,4cc9cdc4,126.98800,0
Tim风评被害哈哈哈哈,d00f3fae,711.99800,0
加油加油,4cc9cdc4,71.20000,0
哈哈哈哈哈哈哈哈嫂子反应也很绝,cf1e696b,681.74800,0
雨哥就想着这个了哈哈哈哈哈,d00f3fae,477.41200,0
煤纹病的你别走,76a2987f,71.97900,0
diy哪里才讲了,430b33e5,442.97900,0
哈哈哈哈哈哈哈哈哈哈,a6868ddf,270.97000,0
哇！！,a6868ddf,249.15900,0
？？？,a6868ddf,209.20100,0
烤箱,47c7625b,193.56000,0
20.8,f4d6fd4c,372.22100,0
卧槽牛逼,f5e0945c,226.17500,0
闷罐,d61a9da6,189.50800,0
这耗电量,247d8421,416.81000,0
白给,5d4f51fb,731.28300,0
梦幻联动,47c7625b,12.99200,0
你这喷烟机功率有点大啊,b612c93,464.67300,0
库克：你们工作室我们立马注资,b612c93,401.41800,0
哈哈哈哈哈哈哈哈,ef1c0f61,652.12200,0
每次都不一样,d99a2717,8.27500,0
开玩笑呢，真当渲染功率低？,a72557ca,193.67800,0
卧槽,ef1c0f61,517.93600,0
哇,a6cb6e68,248.17900,0
好看啊,a6cb6e68,223.57900,0
哈哈哈哈哈让他幸福,ef1c0f61,398.89900,0
哈哈哈,8f4eaf2b,49.88600,0
nb,b83d2aff,251.09700,0
HUB,96b148aa,445.04300,0
卧槽,ef1c0f61,222.41600,0
交换空间可还行hhh,ef1c0f61,79.74100,0
哈哈哈哈交换空间,937a2dd3,81.98200,0
催更,a38a1bd9,789.59300,0
没味道啊,f50929e0,716.40300,0
紫外线过敏啊我我我太身同感受了啊啊啊,cdbf5d1,98.14800,0
雨哥又胖了,57d1c3d5,300.00300,0
嫂子好激动好可爱,90fb3910,591.41200,0
20w辣,b9926215,111.14000,0
好看,f97cac29,588.11800,0
NB,f97cac29,525.33900,0
哇,bc10c2ec,509.01900,0
交换空间,5cbaad1,76.55400,0
不许退！,d80ce083,366.80900,0
般配,532601ba,382.63900,0
袜,c7cb5438,514.30800,0
已经20万了哈哈哈哈,1c155338,793.99600,0
？？？,b59a090f,233.99900,0
哈哈哈哈哈哈哈哈哈哈哈哈哈哈哈哈哈哈,8a9967b2,728.87900,0
卧槽,f97cac29,224.25900,0
ohhhhhhhhhhh,f97cac29,221.41900,0
牛逼,d23fc72c,528.00600,0
没以前那味道了,5049d121,529.54700,0
加个箱头给我可以么doge？,9c1134c1,323.98200,0
????????,5178a820,416.01400,0
哈哈哈哈哈哈哈哈哈哈,3872a81c,284.98100,0
ohhhhhhhhhhhhhhh,3872a81c,223.15300,0
这打光真的牛,bbf61dbc,737.23900,0
这个有灯有的东西,9aad7782,655.79200,0
20.4,ec310d5e,808.63200,0
20万了！,13dc30c8,364.72000,0
哇好清晰,bbf61dbc,640.95900,0
紫外线过敏la  我也是,e6ed445b,83.44000,0
升格是什么意思可以去问sjj,537c8daf,747.38100,0
我喜欢原来那个,9aad7782,503.42400,0
科技美学,4a1dd4bb,294.75000,0
我有些同学也试过阳光过敏,cfaf827c,78.19900,0
19.5,af23a9f7,794.67800,0
我的电脑1000w,9aad7782,412.01400,0
已经20万啦,1b11f146,7.06000,0
那叫背景虚化，什么糊阿,c1ac8f45,647.23000,0
般配,b7d0649c,387.81600,0
20.4万,f714eca8,789.45900,0
真的好看,480bdbf1,587.22000,0
整段垮掉,f714eca8,727.89900,0
白给,e058836a,720.31300,0
到啦！！！！期待！！！！！,6e6fdd83,785.60400,0
第一期不会是,9aad7782,79.51400,0
求教程！,3bf863a3,258.62200,0
哇，这是真的好看,335b4c08,593.39500,0
见不得光哈哈哈哈,17cc39bd,49.66000,0
已经20万了！,528e4377,782.88200,0
微弱,7fcc8623,731.41200,0
不结婚很难收场,d3b4abed,610.38800,0
20W了！,528e4377,9.89100,0
哈哈哈哈哈哈哈哈哈哈,f714eca8,465.85900,0
一般,7cac042b,524.75900,0
蛋格,d506f6cc,322.55400,0
双持狂吸,95267e6e,0.81900,0
酷酷酷,53ad5220,331.51100,0
哈哈哈哈哈哈哈哈哈哈,f714eca8,344.69900,0
专业,8dd58501,526.85900,0
酷,53ad5220,248.45200,0
笑死,d4d2b937,694.93500,0
哈哈哈哈哈哈哈哈哈哈哈,35529aaf,271.47800,0
一晒太阳脸就红,b03b79ad,81.19900,0
我姐也是阳光过敏,b03b79ad,58.31200,0
哈哈哈哈哈哈哈,71131fd2,375.95300,0
意思生活的艾玛改造了你们的家然后你们又用同一招改造别人的家~~,6e6fdd83,159.25800,0
哈哈哈哈哈哈哈哈哈哈哈哈哈哈哈哈,97de933c,672.85000,0
20w了,34fb9070,808.48200,0
到了,124af24a,368.47900,0
上班？你知道他为什么叫tim吗,875063d6,408.42800,0
这个太棒了！！！！,1d8cdc79,459.41200,0
已经上了,9fe7d114,791.00100,0
哈哈哈哈哈哈哈哈哈哈哈哈哈哈哈,34fb9070,653.05800,0
《不忘初心》,d0d34beb,207.11900,0
哇,380da0ae,36.17900,0
20.3w了,6ec4eaad,798.31300,0
梦幻联动,dcfebac6,0.00000,0
般配,34fb9070,383.30500,0
这里说的是Hardcore硬核 不是Hot,71606543,185.56600,0
垮掉,47c1c992,724.86000,0
尬住了,e4c49400,743.90200,0
打扫卫生痛苦,67e08c5e,537.21800,0
白给,cb90b779,682.57900,0
哇哦！,932f8726,33.05900,0
tim在拽撒子,d16a36c5,753.51500,0
马勺,6bea715c,337.53400,0
哈哈哈哈,6bea715c,283.03400,0
雨哥白给,e887c41,688.01800,0
我去，瞬间妆面变得好好看干净,1c51d252,639.35000,0
阳光过敏？人没了,6bea715c,62.03400,0
哈哈哈哈哈哈,6bea715c,48.03600,0
20W赞留念,f16cc772,28.00300,0
罗翔老师,debe27a3,477.90900,0
到了到了,22b69726,791.56100,0
哈哈哈哈哈哈,b22f6a59,373.73000,0
哈哈哈哈哈哈,b22f6a59,373.73000,0
已经20.2万,84eaae55,376.66500,0
雨哥的口罩都戴不上,7e248a02,364.42600,0
哈哈哈哈,7e248a02,281.55200,0
20.2w,e2b405bf,790.75800,0
到了,f88cbec1,793.02100,0
电费爆炸,debe27a3,307.46200,0
哈哈哈哈哈,f13c69d1,697.40000,0
火火恍恍惚惚,f13c69d1,691.71700,0
红火火恍恍惚惚,f13c69d1,685.88600,0
偷家,84eaae55,115.74000,0
交换空间,84eaae55,86.51800,0
哈哈哈哈哈哈哈哈哈哈哈哈哈哈哈,a5e13a37,671.45000,0
哈哈哈哈哈哈哈,b22f6a59,50.79800,0
已经到啦,11c91740,789.18600,0
警惕消费主义陷阱doge,bde1a5ac,273.61900,0
20万了,11d9c5e3,793.65200,0
都是tim,22eaf9dd,414.09100,0
20.1w了,72807705,382.45800,0
Tim Cook,63f68d1f,399.12400,0
副业倒腾鞋（不是,debe27a3,96.91100,0
紫外线过敏吧,debe27a3,50.89800,0
哇,a383da84,448.55000,0
20万到了,a88d4caa,803.29000,0
tim老公的白袜！,a1b6099b,494.48500,0
很正常阿 我还有认识的人空气过敏 ,344f3924,56.07900,0
雨哥好贴心袄,485439dd,95.81000,0
般配,e6e71a63,382.66000,0
n,952096b9,516.92300,0
危,322d732e,612.29800,0
求沙发链接,cf80bb00,517.12000,0
哈哈哈哈雨哥搞得装修终于有人吐槽了,485439dd,46.83700,0
嫂子有点翻脸不认人 哈哈哈哈,e1355cd2,705.85400,0
哈哈哈哈哈哈嗝白给,18459995,693.52300,0
哈哈哈哈,18459995,650.68300,0
20了,d543fbdb,792.97000,0
白给,95596209,742.20600,0
19.8,bfd2d07,791.70100,0
20.1了,f5470b10,374.65400,0
吃米！！,f131d364,434.06200,0
这个好！,a2d1f7a9,443.71800,0
哈哈哈哈哈哈,b5e12b5a,49.33300,0
哇,d8c7717f,226.43700,0
可以,414e8aba,528.45300,0
哈哈哈哈哈哈哈哈哈哈哈哈哈哈哈哈哈,112bd319,668.94300,0
哈哈哈哈哈哈哈哈哈哈哈哈哈哈哈哈哈哈哈哈哈哈哈哈哈哈,a596c532,733.87800,0
危,112bd319,622.52100,0
哈哈哈哈哈哈白给了,60e97d2d,691.55900,0
哈哈哈哈哈哈哈哈哈哈哈哈哈哈哈,a596c532,654.07400,0
已经20万咯,a11c6139,367.82600,0
Mac装个windows,5935e5ca,505.60400,0
19.8了,87c89282,804.42700,0
白给之王,4a2a3d13,694.10700,0
好棒啊我的天,a596c532,613.21200,0
20万了,85206084,365.99800,0
嫂子好激动,a596c532,593.11100,0
好看,2144648b,524.47600,0
19.9!  !,a90558f9,807.88600,0
牛的,112bd319,448.77100,0
哇,a596c532,512.49900,0
般配,112bd319,384.83200,0
19.9,840b79bf,793.97300,0
好棒,a596c532,448.66000,0
Tim表情哈哈哈哈,c75e8bd1,475.32500,0
刚好20万,24274300,363.26300,0
19.9,34657dac,366.05100,0
二十万赞！！,a3d1c84e,369.12900,0
19.9！,ba39ebf9,362.01900,0
白给,112bd319,214.12800,0
哈哈哈哈哈哈哈哈哈哈哈哈哈哈哈哈,a596c532,272.66600,0
哈哈哈哈哈哈哈,5cbd1696,784.40400,0
好看啊,a596c532,223.90300,0
马上二十万！！！,50af86df,789.44400,0
晒一会就会掉皮,a6a3c87d,55.54700,0
闷罐！,c75e8bd1,179.73100,0
尴尬的1,1a438427,713.21200,0
哈哈哈哈哈哈哈哈哈,5cbd1696,656.57400,0
哈哈哈哈哈哈哈,666f19f4,394.26700,0
哈哈哈哈哈哈哈哈哈哈哈哈哈哈哈哈哈哈哈哈哈哈,a596c532,55.41500,0
雨哥白给！,690ab8a,278.61900,0
hhhhhh垮掉,630447b6,724.23300,0
垮掉,630447b6,714.98300,0
TIM COOK(确信),4a2ef506,255.58900,0
19.8,3321e300,789.31000,0
袜,5cbd1696,513.39700,0
上当了,87b5b49b,409.85500,0
哈哈哈哈,558d5b5d,405.43700,0
哈哈哈哈哈哈哈,c8435d28,672.96100,0
19.7w了！！,a1023ee7,792.02000,0
哈哈哈哈哈哈哈哈哈哈哈,737bfab1,692.20000,0
怀中抱妹杀,b09d732,481.68300,0
怀中抱妹杀,b09d732,479.97600,0
飞利浦灯条,f7c47777,239.66700,0
般配,5cbd1696,381.97200,0
19.9万,839a7e11,793.58000,0
19.9万了,f326997,380.24300,0
猛男色,87b5b49b,256.76200,0
专业,c8435d28,521.98500,0
般配,6165bc10,386.17700,0
TIm给的就不是新的！哈哈哈,4b753da9,706.11400,0
袜,5cbd1696,222.80400,0
《这个叫ipad》,c8435d28,427.91800,0
chimmy,31229c6c,431.55100,0
好看！,25215a0e,514.42900,0
19.8w了,c8435d28,368.78200,0
白给,c8435d28,272.19400,0
哈哈哈哈哈哈哈哈,c8435d28,262.16000,0
阳光过敏太尼玛的撤了,47fa6786,61.88300,0
太好看了,3701ba73,227.00600,0
暗示雨哥买房,6dc2ee61,766.76100,0
等等，小鱼和tim我们先说这件事情,8cc5f670,541.78700,0
好靓,e6771e92,603.88100,0
有的，就是一旁的小鱼啊,4580ecfc,502.33300,0
19.6,763c04f3,792.95700,0
阳光过敏？？,3701ba73,60.50300,0
看简介！！！！！！！点赞！！！！！,91b83f71,4.04400,0
显示器到位,9219e80f,351.83400,0
暂停看鞋,1a438427,7.99900,0
小鱼好像卡萨啊,52d527ce,132.21900,0
这个视角挺好的,e075563b,585.27900,0
19.7,eddf3a9a,788.81100,0
灯光绝了,8646ce4c,652.79000,0
全白色真的好看,92c7d02d,532.84900,0
， ,70fc6a58,566.31600,0
还买了个homepod哈哈哈哈,8cc5f670,506.71300,0
棒棒棒,82c42162,85.03900,0
厉害啦,82c42162,83.03900,0
很像明星化妆间哈哈,e075563b,507.88100,0
mac可以装双系统就行,e075563b,503.70000,0
哇,fe8b82ee,220.19800,0
哈哈哈哈哈哈哈哈哈,ed0ef9ad,464.59800,0
毕竟Tim Cook哈哈哈哈,5cde1b07,399.77300,0
哈哈哈哈哈哈哈哈,ed0ef9ad,401.98600,0
哈HAHA,2cb1b99b,680.33600,0
哈哈哈哈哈哈,4c877a3f,680.37900,0
绝配！,ed0ef9ad,388.28200,0
标配！,ed0ef9ad,385.82800,0
信号搜不到了,2cb1b99b,671.59700,0
华硕的显示器！,91da6dca,249.59900,0
为什么有延迟？,fc1a2ef3,68.85600,0
LG的外设！,91da6dca,249.59900,0
哈哈哈哈哈哈哈哈,ed0ef9ad,341.12900,0
19.7,4d486229,364.17900,0
嫂嫂好可爱噢,f7cad6a5,636.26500,0
真好看,2cb1b99b,590.46400,0
背景音乐是坎巴拉太空计划组装大楼中的,4f3fdef4,210.78500,0
哈哈哈哈哈哈哈哈哈哈哈哈哈哈哈哈哈,ec311e33,381.88400,0
坎 巴 拉,4f3fdef4,203.33400,0
TIM APPLE,72dce5a1,271.89500,0
笑死我了,ed0ef9ad,273.11000,0
哈哈哈哈哈哈哈哈哈哈期待,f991968e,791.25500,0
哈哈哈哈哈哈哈哈,ed0ef9ad,260.24500,0
太牛了,f7cad6a5,529.64100,0
我也轻微紫外线过敏 因为免疫力差,2f8f8256,76.94800,0
哈哈哈哈哈哈哈哈哈哈哈哈,f991968e,670.69400,0
哈哈哈哈哈哈哈哈哈,eddf3a9a,292.21100,0
草,34ea9ff,265.22500,0
嫂子是真满意,f991968e,616.91300,0
aquara?,3981c4b,261.21200,0
租的房子就不要改造了吧,e075563b,84.53900,0
哈哈哈哈哈哈哈哈哈哈哈哈哈,1bdf4645,683.72200,0
太好看了,f991968e,537.34200,0
雨哥好男人,9243e5b9,460.37100,0
ohhhhhhhhh,debd3f7d,224.20500,0
冲冲冲！！！,3428d3d3,800.76600,0
哈哈哈哈哈哈哈哈哈哈哈哈哈让她幸福,f991968e,411.25000,0
就这？就这？,5c785ae6,755.51400,0
花谁的钱？？,1b04ac4,270.91600,0
《很明显》,70582726,710.51900,0
血本无归,65c3bfde,387.62700,0
！,877fced2,783.74800,0
哈哈哈哈哈哈哈哈哈哈哈哈哈哈哈哈哈,f991968e,270.02700,0
这就涨租,e5a461ee,764.30700,0
马上20w到啦哈哈哈哈哈哈哈哈哈哈哈哈哈哈哈哈,4c94e090,800.46100,0
般配,1342e908,382.80700,0
哈哈哈哈哈哈哈,1342e908,377.45600,0
投个币吧,1342e908,356.90200,0
哈哈哈,3bb5b8ad,390.81100,0
nb,1342e908,337.51900,0
卧槽卧槽,11b34470,404.99900,0
般配,11b34470,384.57600,0
闷罐啊卧槽,5342c96e,177.01200,0
满意,e5a461ee,528.10500,0
梦幻联动！！、,8e074449,1.38200,0
阳光过敏就是见强光要打喷嚏,d70506,56.89900,0
19.6w赞啦 冲！！！,7b4208ce,775.07500,0
？？？？？？,11b34470,323.10700,0
懂了，Tim的全名叫Tim Cook ,d815f174,270.56100,0
大闷罐,9d30ce63,182.45900,0
啊啊啊,70582726,367.63900,0
？？,70582726,353.79900,0
看简介,82760668,73.31400,0
满意满意,6ce2803e,527.25200,0
？？,70582726,270.13900,0
般配,72bcd114,382.42400,0
笑死人的有毛病？紫外线过敏很痛苦的,2b230da,61.87900,0
般配,52c61bba,385.93900,0
雨哥大气！,6ce2803e,346.85700,0
哈哈哈哈哈,e5a461ee,61.16000,0
？就赏心悦目_我不管！,70582726,55.47900,0
ohhhhhhhhhhhhhhhhhhhhhhhhhh,6ce2803e,222.86800,0
雨哥付钱吧,7c4d8b17,266.11200,0
套娃开始了,890514ea,797.37300,0
19.3啦！！,46428b9,788.71100,0
雨哥大气,1b9bcfb5,348.05900,0
哈哈哈哈哈哈哈哈？,84d24f2e,261.01200,0
我哭了,5e1c2fc0,526.25300,0
房间现在好小,740b8a2,226.79800,0
这是整蛊？？,680ee123,37.94000,0
这个“亮”字，很湖南,5e74da72,567.22400,0
快刷啊啊啊啊啊啊,5e1c2fc0,370.32500,0
梦幻联动,3183b03f,4.24100,0
宝剑嫂好美！,99c2c7,601.40600,0
wow,3183b03f,4.24100,0
紫外线过敏啊 晒太阳会爆皮 出门要带帽子口罩墨镜之类的,57f68f03,56.37400,0
太tm贵了,b0c6929a,538.91000,0
就那样吧,d7e173dc,529.39800,0
绝对吃回扣了,a2b207c9,406.87400,0
已经19.3万了,97536fda,373.14000,0
这。。。。。。。。。。。。。。。。。。。,9ebb9e28,195.32200,0
哈哈哈哈台词好6,c0151418,84.25300,0
说改造家交换空间的哈哈哈哈赞同,c0151418,36.89900,0
危,1de535bb,610.53900,0
电费炸裂,ec134ab3,313.02900,0
4k放大看肚脐（狗头）,3e1c5d86,147.04700,0
真的比以前好很多,d8342f4d,601.57700,0
哈哈哈哈哈哈,d9452b9e,283.84400,0
真的比以前好很多,d8342f4d,589.37400,0
WTF阳光过敏,604d28b2,47.57900,0
真的biyiqianhaohd,d8342f4d,588.86200,0
g502,1de535bb,518.63800,0
是广西的吗？,4f34e97f,579.18700,0
哇塞,5e74da72,246.36700,0
梦想改造家？,d331c4ac,81.29900,0
马勺,6137b9a2,329.30900,0
赞了,4cab3e0f,377.01300,0
期待嫂子的新视频,b9809bf1,368.41100,0
哇,c73d833e,221.68400,0
我就是冷空气过敏，冬天每天都要擦药,62c0cfc3,76.61900,0
哈哈哈哈哈,16f5936b,668.18900,0
好看？！！！！,16f5936b,584.39000,0
19.2万了,378ea596,787.03400,0
宁管这叫整蛊？,b1f87bfc,439.64800,0
我也紫外线过敏，一晒就长红点点,fe93c0ae,70.09900,0
哇啊这个好好,16f5936b,445.70600,0
嫂嫂好开心啊看的我也开心,fa73426f,659.97900,0
机智嫂子,d377cb1c,738.96000,0
19.2万,db3d44ba,787.59700,0
太牛了,798780ec,801.94100,0
嫂子好可爱,798780ec,777.07300,0
好看！！！！,20ba0a1f,594.00900,0
哇哇哇,16f5936b,247.11500,0
天呢,bac74f5a,349.29900,0
哈哈哈哈哈哈哈,24259b38,379.14600,0
笑死了哈哈哈哈哈哈哈哈,798780ec,733.52700,0
主机室还有用吗？,ba5f375e,406.40500,0
笑死了,798780ec,683.64100,0
哈哈哈哈哈哈哈哈哈,798780ec,669.51200,0
哈哈哈哈哈哈哈哈,bac74f5a,270.53900,0
啊啊啊啊啊好清晰,798780ec,645.98900,0
冲冲冲冲冲冲冲,492487a,792.63800,0
明眼可见的开心,798780ec,599.12700,0
hhhhhhhhhhhhh,b2f7feb2,50.57800,0
这长沙话哈哈哈哈哈,5ad313f9,613.79500,0
牛掰!,798780ec,518.96600,0
表情哈哈哈哈哈,798780ec,486.96300,0
哈哈哈哈哈哈哈表情,798780ec,479.15200,0
哈哈哈哈哈哈,798780ec,458.59600,0
哇,e5eb90ef,262.10100,0
且慢,a1d308a1,752.19300,0
19.2万了,798780ec,369.06100,0
雨哥大气,2df2e87a,368.61600,0
还差1w,1ae9bba4,790.84000,0
卧槽,798780ec,247.34400,0
哈哈哈哈,6a85b7e7,696.89900,0
哈哈哈哈,6a85b7e7,677.37900,0
马赛克好评,798780ec,193.20100,0
我也紫外线过敏，但是脸没事,8130664c,81.94500,0
卧槽,39a21f91,271.34300,0
