有才,7f8f4db1,176.72200,0
你币有了,bb4e8da6,168.30400,0
大家出来走个流程,381470ba,79.84400,0
下次一定,896f2fcc,161.10900,0
风太大了我听不清楚,381470ba,70.64800,0
有才,c1db9a87,174.09800,0
哈哈哈哈哈哈,22801dd6,96.72800,0
这是什么虎狼之词,381470ba,37.41000,0
囸,6224406b,30.73900,0
囸,9fabe7f7,29.46400,0
有才,c3c1fc48,175.74300,0
囸,9a43c005,26.51500,0
坐云端,171cd46c,47.25400,0
囸,de7cb1dd,32.37200,0
囸,99da8fb7,28.20000,0
下次一定,2ca9b698,166.75700,0
有才,7d91f785,173.84300,0
有才,f9a37e6e,25.29900,0
下次一定,7d91f785,168.16300,0
哈哈哈哈哈哈,2ca9b698,112.01900,0
下次一定,b2183c52,167.41900,0
囸,1e7c0e6b,28.05900,0
哈哈哈哈哈,2ca9b698,91.50100,0
囸,6cab0dc0,49.31500,0
哈哈哈哈哈哈,2ca9b698,54.22200,0
3,6c57a921,121.71900,0
下次一定,b647f762,170.17900,0
有才,1398cf66,179.35800,0
有才,da6fd346,176.90700,0
囸,f7f2a27a,37.17900,0
囸,ef8515fa,47.43700,0
好家伙,c6ef709c,11.01000,0
下次一定,320baf0f,173.46300,0
ohhhhhhhh,320baf0f,157.28900,0
下次一定,e7f49568,172.92100,0
有才,fb4f6f30,179.22000,0
有才,21ba3022,176.59200,0
囸,a3bec1e8,27.09900,0
提前有才,eca723bb,38.42600,0
下次一定,1084cb83,173.10200,0
有才,eca723bb,175.59300,0
下次一定,eca723bb,159.63600,0
囸,82ccb16e,36.44400,0
有才,bb76c17f,177.24500,0
有才,9c82d228,176.89900,0
下次一定。,62ff80b0,161.98500,0
NB,4c280768,156.03200,0
有才,1a1d2519,179.17900,0
有才,b90cd443,172.81800,0
。,7b79e978,31.15300,0
有才,9905af5b,180.00000,0
本集最佳,64334794,80.74300,0
囸,b7c8490e,29.70900,0
卧槽,4c280768,46.25500,0
下次一定,87fa39fe,175.36600,0
囸,5e00e04,26.94300,0
？？？？？,d0d412a4,137.92400,0
得得得得得得得得得得得得,2fa55b59,52.98600,0
有才,49a6ccb2,173.73800,0
有才,7071ac22,179.40200,0
有才,928406e4,179.92500,0
有才,72b5d5c4,173.93100,0
youqian,72b5d5c4,177.83600,0
额MM,928406e4,129.88000,0
下次一定,ecb8784f,165.99900,0
6有才,d3223721,175.92700,0
下次一定,68d50bc6,164.80100,0
有才,9ca1e1cb,179.50300,0
囸,4120c71d,30.21900,0
？？？你币没了,d1d54a3a,65.15000,0
下次一定,226d8078,166.63700,0
有才,7d196c4,174.03900,0
有才有才币没了。,5912cf0,173.98000,0
有才,56de817b,177.66200,0
下次一定,d5827c9c,162.74500,0
你再骂？,ce5bcff9,78.07600,0
这是先出的下联后对的上联吧,903859d2,93.19900,0
有才,99447d39,175.10100,0
有才,99fb2459,177.82100,0
？？？,d0d412a4,74.96900,0
天空是蔚蓝色，窗外有千纸鹤,f4c7c46c,74.49400,0
牛逼到家了,8317338a,176.31800,0
有才,7f9723b2,177.36500,0
下次一定,4426cb89,165.18400,0
真的有才有才,eb6eba61,179.84600,0
啪的一下我就起立了！很快啊！,f4c7c46c,53.90900,0
有才,d7dba469,178.40100,0
有才,eb6eba61,169.53100,0
囸,c71cfc68,32.89000,0
卧槽,eb6eba61,151.68200,0
？你币没了,8317338a,68.58200,0
哈哈哈哈哈哈哈,8317338a,54.34000,0
有才,74f47512,174.03800,0
有才,a9e83dce,174.94000,0
有才,98c460a3,176.03900,0
有才,6a1b259e,178.59600,0
全体起立！,376e23b6,58.22500,0
囸囸,73119cdb,41.68900,0
下次一定,e4d903e9,160.00100,0
囸,a247b07,29.86500,0
就这,63bb57d4,173.53100,0
gan,489d46bb,161.29300,0
就这,63bb57d4,159.73100,0
囸,8c60ab47,86.53700,0
有才,6b92a8f0,173.77300,0
囸,ff6ac107,59.99900,0
囸,f5f10355,27.57500,0
你再骂,3dfe1e34,67.87300,0
有才,373bcc5f,178.22900,0
有才,b8a8392c,176.42200,0
有才,b9389ea1,176.36200,0
下次一定,cb0ba902,155.11600,0
妙啊,79c528ea,93.39400,0
囸,cb0ba902,91.26800,0
对王之王对穿肠,622986b2,26.74000,0
回囸,1945782d,28.57000,0
有才,101ab542,179.66900,0
下次一定,48b830bc,171.94600,0
有才,7fe3c327,178.92100,0
全体起立,a9a75d4b,66.41200,0
有才,c6b0d021,175.84600,0
有才,cfae01b1,174.25900,0
囸,fc85290f,34.23900,0
哈哈哈哈哈哈哈哈哈哈哈,1c2557ba,25.49800,0
囸,a908d661,28.17900,0
你在骂一句？,11ae2997,67.33900,0
有才,7bed82ac,176.66400,0
下次一定,7d0fbd78,167.73400,0
有才,7e0319e5,178.38700,0
有才,130a3dbf,178.30300,0
有才,214d3472,179.84600,0
下次一定,7c338ac0,167.12600,0
有才,40f89f61,178.67100,0
哈哈哈哈哈哈,130a3dbf,158.12600,0
有才,2f3ab459,1.11600,0
有才,72fd97c6,174.28800,0
OHHHHHHHHHHHHHHHHHHHHHHHHHHHHHHHHHHHHHHHHHHHHHHHHHHHHHHHH,5fa6b92,158.13300,0
你再骂,9ed894a0,71.29100,0
榜一！！！！！！！！贱笑牛逼！！！！,201cf552,1.83800,0
下次一定,cadec340,175.65900,0
牛逼,130a3dbf,77.83000,0
三连给了,812a2bf7,178.13500,0
罓,436a65e5,89.63200,0
你再骂？！,b044a2f,59.91700,0
666,c77cbe59,179.21500,0
你币有了,27d53c36,171.26100,0
哈哈哈哈哈哈哈哈哈哈好好,29cd14a3,58.25800,0
针不戳,ba8f4a62,107.40200,0
欠打哈哈哈哈哈哈,ef502060,54.50800,0
囸,40f89f61,30.50500,0
绝了,ba8f4a62,60.02500,0
有才,7792e106,176.89900,0
我爱罗？？？,ef502060,8.69000,0
有才,ff474102,172.97900,0
下次一定,dca1caa5,178.74500,0
下次一定,7286abbc,171.74600,0
起立,d88c754d,56.52300,0
lbwnb！,4bc0d253,54.11000,0
下次一定,5bdad8d9,177.42900,0
有才,8e8ef9cb,175.73700,0
囸,f36702a2,30.21900,0
囸,2b8c2fe,35.29500,0
求带水,e9727496,152.00900,0
+,ae1ef997,10.15600,0
有才,ba416f3c,177.58000,0
下次一定,a4b61394,176.70200,0
有才,22f0d091,175.82600,0
卧槽 这文案有点东西,d574dd4e,162.46600,0
囸,3675e095,57.23500,0
卧槽 这文案是真的有点东西 啊,d574dd4e,131.20200,0
囸,fbd3b0bf,30.76100,0
囸,d81b9d9b,44.07500,0
下次一定,1ac9b3e9,177.27300,0
囸,b8da6bba,39.53900,0
囸,1ac9b3e9,50.03300,0
哈哈哈哈哈哈哈哈哈哈或或或,df642e97,58.24400,0
囸,e305211b,28.22200,0
有才,7c2e3003,178.36500,0
6666666,9a343145,42.16500,0
囸,b981f530,81.70600,0
有才,b6f7fb64,174.43900,0
囸,598ed746,30.23100,0
你真棒,9e846609,179.30800,0
有才,becbbaa1,177.59800,0
囸,33b1c8a4,49.21300,0
混进一个奇怪背葫芦的家伙,b7dcbe84,0.00000,0
有才,95d4abcf,175.70800,0
卧槽,95d4abcf,155.82200,0
有才,e1a2be0b,179.84600,0
有才,1dee5fae,177.59400,0
囸,becbbaa1,53.61400,0
囸,becbbaa1,37.78700,0
有才,a91c63b1,173.37900,0
下次一定,a91c63b1,164.31900,0
有才！！！,5466e8d1,177.92700,0
囸,e4affffd,32.38100,0
囸,f3223259,47.36200,0
下次一定,552c51c2,177.92900,0
有才,8bb91b42,179.08600,0
有才,3b2a7c0e,178.38200,0
你真棒！,1ff0f890,175.18600,0
有才,1924cb5,178.45900,0
有才,b7c363c,179.84600,0
他要的打个字都能错,f007c939,49.57900,0
有才,db7c446a,179.51300,0
星星现在已经是个合格的大佬呢,f007c939,36.93900,0
抬走，下一位,e9bcaa6a,59.99800,0
祖传开头嘛,f007c939,3.91900,0
碉堡了,f03539cf,160.89500,0
有才,4621551d,177.87400,0
你再骂,e83f3d3e,66.56300,0
youcai,f2dba9be,177.58000,0
强行解释,c0305279,162.87900,0
反弹反弹反弹琵琶,4621551d,91.21800,0
？bbbb,3fb58c2b,38.97400,0
下次丕定,6867aab5,1.95900,0
我囸,8f7c62e8,131.01900,0
下次一定,612d114,162.61300,0
下次一定,dac7292d,179.92500,0
有才,36166e6,177.09300,0
有才,f28fceb1,177.48200,0
囸,163c7a46,29.61200,0
有才,e41b5788,178.53000,0
囸,e86cd926,40.22100,0
还以为我手机响了，坑,45487b30,145.51200,0
下次一定,5e9b419e,161.13900,0
有才有才,c87ad32f,171.43500,0
囸,d2f34ce8,40.58300,0
有才,633de723,179.64400,0
有才,b8a0eae5,179.84600,0
囸,aafcc65f,25.39700,0
反正我听不懂但是我知道应该很厉害,8c23c843,160.93900,0
有才,2031718,171.17600,0
ohhhhhhhhhhhh,2031718,154.43600,0
囸,a5fe8158,35.66900,0
下次一定,6d66ac36,170.89900,0
你再骂,2031718,63.29600,0
好有才呀,5f71f258,173.94000,0
囸囸囸囸囸囸囸囸囸囸囸囸囸囸囸囸囸囸囸囸囸囸囸囸囸囸囸囸囸囸囸囸囸囸囸囸囸囸囸囸囸囸囸囸囸囸囸囸囸囸囸囸囸囸囸囸囸囸囸囸囸囸囸,14ee2201,62.10900,0
囸囸囸囸囸囸,14ee2201,56.39100,0
囸,14ee2201,49.30800,0
有才,5f71f258,173.94000,0
囸,2031718,27.05600,0
囸,8c23c843,66.74700,0
油菜,db7a3ef,173.78900,0
囸,37c46634,25.91300,0
囸,713da81,38.36800,0
哈哈哈哈哈 下次一定,3bd76a92,153.41500,0
Every,a03f8d88,84.77900,0
淦,3bd76a92,70.84300,0
囸,1c13d74d,34.59400,0
下次一定,f92e2888,161.45200,0
你再骂,bc5ef24a,69.03200,0
囸,5e29225e,32.29100,0
白嫖失败,2ba77945,164.33900,0
？？？？？,73b713eb,154.34700,0
有才,42a14f65,175.53900,0
你hhhhh,64e7580c,167.29900,0
有才,b5b97e63,175.63900,0
有才！,8de525ff,177.66500,0
下次一定,9a348718,153.40200,0
有才,7670e681,178.13400,0
哈哈哈,8de525ff,20.80100,0
囸,b80dcc77,37.20000,0
你再骂,e630d453,73.64900,0
文化绿洲,7670e681,117.67100,0
有才,128c6098,177.68700,0
下一定,7d26167,179.84600,0
下次一定,f5c173e6,162.37000,0
囸,4aebe669,83.85500,0
牛批,f5c173e6,116.48100,0
你再骂,f5c173e6,75.39900,0
有才,aeb245fc,179.15300,0
鬇,7670e681,48.06100,0
全体起立,99028126,53.09900,0
lbwnb,4ed08730,55.54000,0
有才,56b38a49,177.62300,0
四十九个视频才五次白嫖,4aba7319,143.10900,0
囸,a18dcadb,33.55300,0
囸,1e29b619,25.51000,0
没啦没啦,283905ff,178.22100,0
油菜,426e0611,173.40200,0
下次一定,215521ef,179.92500,0
白嫖失败,9bb84ecc,169.36400,0
有才,4974f688,173.35400,0
白嫖失败,4974f688,170.43400,0
下次一定,60416204,166.75300,0
起立,38e6883e,57.89000,0
囸,cd53d01b,27.75300,0
囸,1156b035,31.41900,0
你再骂,ea518ec,74.43100,0
有才,7e97a548,175.24400,0
有才,8130e742,177.98900,0
囸,f5da7d0c,33.77800,0
你再骂？,7e97a548,74.63500,0
OHHHHHHHHHHHHHHHHHHHHHHHH,86cbfc52,157.86900,0
.,5c6c3720,69.19200,0
忍战我爱罗,a8defc9,0.17900,0
有才,3429dca,173.19400,0
666，三连了,e064802b,100.66000,0
囸,dc5d6e64,36.16200,0
有才,1905d5a0,178.88500,0
云遮月下扬州,a2c46a93,89.86000,0
？？？,fd73a7d5,62.98900,0
囸,658b636e,28.54900,0
囸,a7643c48,31.01700,0
下次也不一定,ccab8519,174.67400,0
弹幕大佬,ccab8519,151.78300,0
试下色,d5d5893f,4.85900,0
囸,8dd22565,30.00200,0
你真棒,5e8f5053,179.51600,0
有才,67608d5b,174.45700,0
囸,dc5d6e64,29.00200,0
囸,dc5d6e64,119.60200,0
囸,3941963f,31.29400,0
ohhhhhhhhhhh,22616e6,157.05900,0
人才啊,6a0336fc,98.63600,0
有才,6a0336fc,7.56800,0
囸,a659aa5c,32.03000,0
囸,95211d09,27.75800,0
有才,d4268110,176.70600,0
下次一定。下次一定,e4790611,168.27500,0
有才,dd32b528,10.85000,0
提前有才,6b9a6615,5.89600,0
有才,588aa79c,179.84600,0
你再骂？,2394194c,58.95600,0
下次一定,84fc9a00,179.92500,0
下次一定,92e8c428,160.38400,0
下次一定,5f6209fd,168.97000,0
下次一定！,fca147f3,155.87300,0
？,9e6f1d68,61.49000,0
ohhhhhhhhhh,f960e393,164.15100,0
囸,aea90a8b,32.87000,0
对王之王,aea90a8b,26.36900,0
才有,d7393b15,179.84600,0
下次也一定不,aea90a8b,9.36900,0
你再骂，囸,1cd8e0b8,62.29400,0
哈哈哈哈哈哈哈哈哈,f960e393,69.61900,0
Ohhhhhhhhhh ,1b7caadd,160.13500,0
囸,d7393b15,108.28200,0
囸,1cd8e0b8,29.65400,0
囸,d6bb049c,26.14700,0
有才,22697719,179.92500,0
囸,52a34546,33.73900,0
有才,c3f8147f,177.12800,0
囸,ee260a0f,30.95800,0
下次一定,775263b6,170.28900,0
你再骂？,22697719,60.51900,0
哈哈哈哈,a534bbe,58.70100,0
下次一定,c9e879ae,175.17700,0
在米小圈上学记里，有才是条狗！,d97c7911,179.62000,0
囸,775263b6,31.08100,0
有才,a373e095,179.92500,0
哈哈哈,e0e3ffca,55.17900,0
有才,527d63ad,172.75200,0
一次一定,a373e095,172.30000,0
有才,ac0ad164,179.92500,0
囸,a9b0672,28.87900,0
你再骂,5c81cd3f,65.05100,0
有被冒犯到,6196ec67,99.24900,0
囸,be96c449,24.12300,0
囸,ab88c86a,33.59700,0
下次一定,daa7753c,178.13500,0
囸,63bc52d2,84.48100,0
三连了,2db3e085,180.00000,0
哈哈哈哈,2c572e2a,123.42900,0
下次一定 下次一定,b2bbfb33,179.92500,0
囸,9c288f38,26.23200,0
哈哈哈哈哈哈哈哈哈哈哈,9c6637a,21.87800,0
淦,38653d38,64.43100,0
囸,d774802,57.71800,0
有才,6ecaa612,179.84600,0
全站排名第一合影,96c66371,17.43500,0
已三连,635d0d57,178.60200,0
芜湖起飞？,3ba9e54f,124.38900,0
囸,e4652743,26.07600,0
下次一定!,ef1e247d,163.73000,0
囸,4d733450,31.84200,0
有才,85875a6e,177.55800,0
这是啥子动画片啊,3ba9e54f,79.68700,0
有才,583d5d35,174.57700,0
囸,5854d665,29.13100,0
天空是蔚蓝色，窗外有千纸鹤 ,643a24fd,74.69900,0
得得得得得得得得得,2a6a2dfd,52.09900,0
有才,cd3187f9,178.43300,0
其实后面都不是对子吧，因为对联严格的话是不能同字的,390884a8,179.92500,0
wtf,68f9f637,71.50400,0
你特么再骂,68f9f637,59.05700,0
wtf,68f9f637,59.05700,0
又菜,6fad855e,4.06000,0
老番茄？,f97df8b8,142.66600,0
有才,da4f9604,173.53900,0
有才,6b9227cd,176.77800,0
啊哈哈哈哈哈哈,19b05fb5,74.94800,0
得得得得得,74aecf0,53.39900,0
有才,8d1563a1,172.17400,0
有才,74fca683,173.45900,0
1000多人正在观看,6b9227cd,38.63900,0
你真棒,60af5d1a,175.05800,0
有才,c501bb42,175.40900,0
囸,95813840,25.81700,0
囸,5a2651b0,73.98100,0
囸,b5cb9c6,79.83200,0
你特喵,60af5d1a,66.40000,0
哈哈哈哈哈哈哈哈哈哈哈,a3a2d532,120.48700,0
当场截肢,b9e60083,115.65900,0
前方高能,4f6deeb9,140.22400,0
？？？？！,c501bb42,61.28300,0
ohhhhhhhhh,b9e60083,101.73900,0
有才,e588752a,172.57900,0
哈哈哈哈哈哈哈,a2e1e040,35.17900,0
有才有才,620caef4,179.84600,0
囸,f066d722,27.17800,0
有才,7139475b,173.84200,0
？？？？？,534f37f7,165.59700,0
囸,65f8c5e8,30.58500,0
？？？？,815ff3c9,61.04600,0
下次一定,d16f8678,174.06200,0
自带阅读理解,7e361f1d,164.48700,0
有才,6d36b044,173.22600,0
有才,593c04f7,177.88800,0
有才,ce2957bb,175.92300,0
有才,9e24b909,179.22600,0
下次一定,b61a51a,171.58500,0
哈哈哈哈哈哈哈哈,6663ef45,49.80500,0
有才,f471e10a,176.83500,0
针卜搓,4eae0404,97.79700,0
下次一定,93a5cc24,172.16900,0
好长,93a5cc24,133.00600,0
草草草草,93a5cc24,114.13800,0
卧槽,93a5cc24,91.79500,0
草,93a5cc24,72.29700,0
垃圾,d3224fe0,179.84600,0
你再骂！,93a5cc24,59.87500,0
囸,bb02a86,29.97000,0
卧槽,93a5cc24,54.53500,0
卧槽,93a5cc24,38.23900,0
有才,b15d1b37,176.20900,0
囸,d59301a2,28.90500,0
反弹,b9f94546,94.12000,0
你再骂》,e84be90e,97.34600,0
你再骂？,b9f94546,77.12800,0
妙啊,e84be90e,62.26000,0
？？？？？？？？,e84be90e,52.01500,0
下次一定,72d5b3eb,160.23900,0
有才,a1a21919,178.66200,0
ohhhhhhhhhhhh,72d5b3eb,152.68000,0
下次一定,f48c7222,178.22800,0
有才,88ba9e85,178.86400,0
有才,d2982228,176.61500,0
有才,dbf7c898,174.95900,0
下次一定,a7f40244,6.89900,0
你再骂,d2982228,78.72400,0
一土它小木凳子,cc2371d,40.57000,0
你币有了,108c456c,179.33200,0
你再骂,57ed4478,59.11900,0
囸,c5c75cdc,38.26900,0
好强,4c077334,140.01800,0
下次丕定,298305eb,63.54900,0
囸,4c077334,42.70700,0
哈哈哈哈哈哈,b72f6e18,75.21700,0
囸,19b32ed4,80.24800,0
都是大佬啊,99d819c8,151.67900,0
囸,798e56bc,45.37400,0
你真棒,5cf6fb37,172.26500,0
有才,2d472c4c,177.39200,0
有才,d433ff24,179.92500,0
你再骂,9abe4e3d,76.59100,0
下次一定,80847b45,176.34800,0
下次一定,d1ac74c4,173.64900,0
你在骂？？！！？,6dbda8da,68.77900,0
你再骂？？？？？,2be941dc,61.31800,0
囸,bd8f8182,28.05800,0
你再骂？？？？？？,2be941dc,58.93300,0
你再骂？,988bab75,65.75800,0
囸,dce6069c,58.82700,0
祖传开头,90f6cc34,11.68700,0
哈哈哈哈哈哈哈哈哈,2be941dc,51.07000,0
囸,ecaa8741,29.71400,0
有才,f2b67f93,179.38200,0
下次一定,8baefb07,164.30800,0
有才,cc0ef3,175.39300,0
有才,3cf382d7,3.51700,0
对王,d8e873e,5.59200,0
？？？,5b5ca1cc,94.11100,0
6666,62cfb924,171.85000,0
囸,a7b977e1,29.12300,0
囸,ce5d0cd5,38.80300,0
有才,f36c39bf,176.61900,0
有才,7090f745,172.91400,0
有才,e107e28,178.68800,0
弹幕强,105781a,150.81400,0
有才,b41b1500,177.65200,0
囸,37ddcc2b,35.93800,0
？,105781a,62.70500,0
下次一定,db75612b,168.80200,0
ohhhhhhh,105781a,154.10500,0
哈哈哈哈哈哈哈好好,1c13e5b2,121.01600,0
有才,b4d8bb4b,178.18200,0
有才,d3172bcd,179.73700,0
有才,b2a20442,175.94000,0
哈哈哈哈哈哈哈,105781a,41.63100,0
有才,291d42,175.52500,0
有才,942761d1,173.98600,0
全体起立,db75612b,56.07000,0
有才有才,d85befd,178.34500,0
囸,7897c691,36.30600,0
六六六,f25a6d1b,32.35500,0
有才,eeb22884,179.45100,0
你再骂？,fd69e5c8,65.17200,0
白嫖失败，是我败了,970dc343,167.57900,0
有才,b72f9bcf,179.84600,0
有才,3469f8cb,179.13300,0
有才,f05deb30,174.01900,0
厉害厉害,f05deb30,169.93900,0
有才,f1f6bd59,177.69100,0
你再骂,c38fcd9d,71.76100,0
我爱罗？？？？,5e04000,1.01900,0
有才,d43600a2,174.41900,0
35W了,39c6fb04,175.86600,0
币给你了,1db8d385,153.75000,0
心黑了,303f71af,75.75800,0
厉害厉害,303f71af,47.73800,0
囸,63aa4aa3,28.46000,0
牛批,303f71af,34.31900,0
囸,d43600a2,30.25900,0
有才。,78cfdee6,173.99900,0
哈哈哈哈哈哈哈哈哈哈哈哈哈哈哈哈哈哈,adf99840,54.50800,0
下次一定,32735b9,169.04100,0
下次一定,994daced,169.96400,0
囸,a89d8c9b,39.21500,0
有才,5d7d80fd,179.92500,0
你真棒,c1d27855,170.90000,0
囸,83843631,38.45900,0
下次一定下次一定,5a6c9f09,171.15800,0
woc,4c778854,69.94200,0
囸,9f0085d0,55.39400,0
囸,6c21271c,47.03900,0
草草草草草草草草草草草草草草草草草草草草草草草草,3f79c732,83.54300,0
laji,1f4f2bf1,179.84600,0
弹幕牛逼,5ffdb607,143.07900,0
下次也不一定,6124e23,163.91800,0
下次一行,d3bc6303,179.84600,0
团,9c155c1,34.31000,0
有才,539b9b93,179.84600,0
xctd,a6282e90,173.97000,0
哈哈哈哈哈,647a4527,11.44300,0
欢迎来到百草园～,201cf552,88.11500,0
      工         整        ,201cf552,80.77300,0
6666,5ffdb607,19.82700,0
天空是蔚蓝色，窗外有千纸鹤～,201cf552,68.82800,0
你再骂？？？？,201cf552,59.62100,0
243.5W卡住了,78f44bf4,22.78200,0
好家伙，一看就是个老手了,201cf552,49.71800,0
有才,ebaf4d21,176.92200,0
囸,d82e4f13,64.52000,0
牛皮,a9652d8a,120.77200,0
？？？？。。,1a5082f8,61.47900,0
男子无才便是德,62122afe,174.89600,0
哈哈哈哈哈哈哈哈哈哈哈哈,99e0f714,55.70200,0
囸,abcb1780,28.87500,0
囸,f89717b5,41.79000,0
针不戳,62122afe,123.21500,0
有才,20db5afd,176.94700,0
有才,e6afb874,173.24300,0
囸,704e520c,148.33900,0
这哥们越看越帅,62122afe,33.14300,0
有才,1c5249d,177.33900,0
哈哈哈,62122afe,6.77100,0
有才,7a146c44,174.04500,0
我特别想知道这个是动画片吗？,5051bb90,111.04300,0
66666啊,1fc9f9e1,54.74100,0
有才,2171cb7e,173.27700,0
囸,5c64bece,37.65700,0
人才,f7b82d29,174.99900,0
有才,ed5d7247,170.99300,0
你真棒！！！,d0ee31af,171.81900,0
有东西的呀,519423b9,139.04900,0
有才有才,b15b18ff,173.94200,0
就这啊？,7160515b,90.71000,0
就就这,7160515b,80.69000,0
有才,cadada0d,174.21900,0
哈哈哈哈哈哈哈哈哈哈哈哈哈哈哈哈哈,1a07772c,53.73700,0
祖安代表,1e4ead8c,87.99300,0
祖安改变,1e4ead8c,89.05900,0
卧槽,c38093c8,117.88700,0
囸,cadada0d,32.25900,0
囸,53154e25,28.36700,0
66666,c38093c8,86.90100,0
囸,d57853cc,32.44900,0
囸,c38093c8,39.27200,0
李奶奶好惨,21f1e56a,25.75100,0
厉害,4ea76335,107.54100,0
无才,7160515b,172.95700,0
牛逼,4ea76335,70.99300,0
有才,e8997e55,173.56200,0
下次一定,d74c9fd2,176.84500,0
囸,8b87dc34,37.55900,0
有才,fb90f058,176.35900,0
有才,47dfd098,176.96000,0
牛逼,831d931a,162.90700,0
囸,aefc14a2,37.81700,0
下次一定,3a8cc50d,155.45800,0
有才,ac0fad4c,174.71800,0
囸,3ee92c14,31.25200,0
下次一定,ac0fad4c,154.40900,0
你再骂？！,e8997e55,56.77400,0
哈哈哈哈哈哈哈哈哈哈哈哈,6eda5d68,116.23500,0
红红火火恍恍惚惚哈哈哈哈哈哈哈哈哈,439fc5bd,123.44200,0
哈哈哈哈巨TM工整,ac0fad4c,120.02000,0
hhhhhhhhhhhhhhhhhhhhhh,439fc5bd,105.00400,0
你再骂,d517dd83,63.75800,0
卧槽,ac0fad4c,136.21200,0
有才,1bcdb902,179.78900,0
太绝了,ac0fad4c,132.62800,0
哈哈哈哈哈哈哈哈哈哈哈哈哈哈哈哈哈哈,6eda5d68,54.08600,0
囸,a5cdb205,35.24800,0
针不戳,ac0fad4c,103.18800,0
囸,41f35a97,43.12300,0
观音山上观山水,bebe60d8,26.40700,0
观音山上观山水,bebe60d8,22.90700,0
观音山上观山水,bebe60d8,18.40700,0
ohhhhhhhhhhhhhhhhhhhhhhhh,6eda5d68,159.66500,0
你再骂,ac0fad4c,66.53700,0
囸,9f5c1cbf,67.20400,0
反弹,ae1df93c,64.66000,0
来了来了,ac0fad4c,10.81400,0
有才,ed9a0047,176.26900,0
鸟不起,20830dce,97.74600,0
有才,bbe95c2e,176.20100,0
明天到操场****,9a9b4c0c,87.53800,0
囸,62f22e9a,85.51100,0
有才,2fe62ec2,179.81800,0
日照老年人年老照日,9a9b4c0c,87.35400,0
全体起立,62f22e9a,58.35100,0
哦，看错了。35了,8cab26e8,23.41300,0
山西运煤车煤运西山,9a9b4c0c,87.35400,0
有才,23e09b90,175.84100,0
囸,131b3628,51.03100,0
34万了,8cab26e8,17.21200,0
全体起立,bbe95c2e,54.63400,0
囸,58c10c95,44.90900,0
▬▬▬▬.◙.▬▬▬▬    ▂▄▄▓▄▄▂◢◤ █▀▀████▄▄▄▄◢◤█ 白嫖专用逃跑机 █▀……╬    ◥██████◤   ══╩══╩══,64ace4c3,167.45400,0
受伤的总是我,3d7f8553,88.21400,0
牛逼,bebe60d8,180.00000,0
你再骂,554b1eae,66.20000,0
囸,f75f1b48,106.57500,0
有才,ade31caa,176.65100,0
有才,bd81781d,179.92500,0
你三连没了,829d1e37,64.29900,0
天空是蔚蓝色 窗外有千纸鹤,7df82213,69.44800,0
囸,8097ace8,25.72600,0
有才,ed0ff08e,175.84100,0
囸,e58751d9,29.64100,0
什么情况？这么多粉丝？,21481154,30.14000,0
下次一定 ,418c2574,152.86200,0
有才,1dcc6a26,177.40900,0
？？？,236cd678,114.26000,0
囸,49b481a9,48.94500,0
囸,3de82c4b,42.68100,0
bu初步不。餐餐吃ni,358d9bb8,75.68900,0
囸驲鈤,580716d2,108.58000,0
35万投币,b74aa093,175.16800,0
日日日,580716d2,59.21200,0
好家伙,a8133c2b,35.49000,0
有才,93f07d69,178.92100,0
囸,580716d2,33.26400,0
有才,1206200a,176.17800,0
才,c257d859,178.67100,0
下次一定,117f42e7,154.56700,0
哈哈哈哈哈哈哈,aa4c4df5,55.25400,0
囸,e7d6b489,33.93400,0
哈哈哈哈哈哈哈哈哈哈哈和哈哈哈哈,9d1af2c,118.15200,0
有才,f0a24d60,176.05000,0
下次一定,8832edff,165.45200,0
好活,117f42e7,57.56700,0
有才有才,2a2a9b20,177.74000,0
下次一定,7d548412,8.28900,0
囸,6fb3322d,44.39400,0
有才,a3fcc8e9,179.84600,0
下次一定,8b92b13e,156.51900,0
ohhhhhhhhhhhhhh,9e44b403,151.34000,0
囸,cabdab38,28.05100,0
有才,b97603b6,179.84600,0
有才,93d228c5,174.87500,0
囸,ed92c356,44.26700,0
死,ed92c356,39.98200,0
下次一定,8816e2ea,172.74700,0
哈哈哈哈哈哈啊哈哈哈的哈哈哈哈哈哈,9e44b403,110.48000,0
ohhhhhhhhhhhhhhh,cef55665,170.41700,0
你币有了 ,a924cd6a,26.54300,0
囸,f082b16e,59.18000,0
囸,4e7ae835,31.29400,0
阿福揍扁了成龙,9e44b403,41.96000,0
囸,add3d925,53.21900,0
哈哈哈哈哈哈,9e44b403,41.96000,0
哈哈哈哈哈哈哈哈哈哈,cef55665,57.28800,0
囸,d0bd2665,29.65900,0
好工整,cef55665,41.01500,0
囸,51976031,29.81800,0
牛逼,59138451,157.44800,0
混进来了奇怪的东西？？,45d185c3,0.97400,0
有才,9253a7ff,175.38200,0
有才,a7f624f4,4.93200,0
你再骂你再骂？？,e50764de,62.04000,0
哈哈哈哈哈哈哈,b23e50d0,55.83900,0
下次一定了··！,59e83798,57.85900,0
下次一定,919a35a7,169.45600,0
我没币了,c4887293,179.57600,0
你再骂？,919a35a7,81.63800,0
哈哈哈哈,bd92226a,65.12200,0
666,6517e4e8,10.74500,0
有才,f98a8d8e,177.16800,0
囸,577cfa9b,31.81700,0
囸,2a9690fb,28.11800,0
囸,6d98a6dd,31.63900,0
有才,6894defd,175.08200,0
有才,f4df7ad4,175.04000,0
有才,7563391d,174.47400,0
你再骂,44a9b932,65.33900,0
有才,83338bc8,178.24200,0
有才,509bc9ab,179.70600,0
有才,462228cd,179.19000,0
35w币了，,d0ba1a49,180.00000,0
全体起立！,bfe2725d,56.71000,0
服了,86c803aa,161.44600,0
有才,b242fae,178.94400,0
太强了，这次一定,462662dd,178.27800,0
有才,daf96ea1,174.21900,0
我的天,df5f91dd,15.37200,0
？？？？,fd28dc85,63.17800,0
秒啊,fd28dc85,54.37000,0
囸,cb75d49a,75.56500,0
有才,3f5a1262,179.77400,0
有材,e051f244,177.60000,0
鸟不起？？,cd41ebd7,97.72300,0
哈哈哈哈哈哈哈哈,fb124ec3,43.05300,0
ohhhhhhhhhhhhhhhhhhhhhhhh,f4df7ad4,167.42200,0
有才,f8838c08,178.15100,0
我爱罗？？？,880d64f6,3.09900,0
下次一定！,89e707f2,158.16600,0
你再骂！,1374d178,67.12500,0
这次一定,8d4b568b,172.25700,0
？？,dd5c458f,53.13600,0
b,7dc5ec20,175.03700,0
囸,ea8d8ac4,30.73800,0
有才,8009360b,173.09700,0
有才,65d57fb4,180.00000,0
you cai,d310e31b,177.75500,0
你真棒！,82e9753a,164.68300,0
对对届的拿破仑,3d57dcf2,166.02600,0
好笑,ad0e3e9d,101.04100,0
有才,30d2b7b7,175.33300,0
囸,88296fb5,33.18300,0
囸,734c61cf,29.39900,0
有才,a7288f2f,169.71400,0
下次也丕定,3fcb17ed,166.14400,0
下次一定,4e123374,174.50900,0
有才,478f680a,176.61700,0
囸,bcf85cda,35.75900,0
全体起立,5b1aaa68,69.75800,0
有才,b7959d34,178.51100,0
有才,8bd7f05e,172.97900,0
我币没了,8bd7f05e,166.67900,0
囸,b5c7a56a,32.07800,0
有才,c1a6d36b,173.88600,0
囸,c4a3f863,57.46100,0
239.7贺电！,2918ac07,6.38000,0
有才 有才  有才,29a2998,178.12100,0
下次丕定,b6afca92,177.87400,0
你再骂,546f02bf,64.67300,0
你币有了,5a53335e,158.01600,0
有才,df33735a,172.53200,0
666,fb58f3f4,25.64100,0
Ohhhhhhhhhhhhhhhhh,dd2d7815,158.26200,0
有才,bc371cf1,177.57600,0
神夏,17b19903,156.23200,0
囸,cd20ca93,44.65500,0
卧槽,17b19903,132.47500,0
囸,25f5c9db,34.73600,0
囸,b6afca92,37.66400,0
ohhhhhhhhhhhhhhhhh,8310a88,158.75300,0
有才,e508dbc3,178.89700,0
握草！,8310a88,141.42900,0
握草,8310a88,133.43400,0
??????,29a2998,60.32100,0
ohhhhhhhhhhhhhhhhhhh,8310a88,120.03300,0
有才,61fa795c,177.95700,0
囸,d3fbc3dd,30.74000,0
有才,df33735a,177.02000,0
有才,a785bbed,178.62500,0
囸,543694e4,38.48300,0
囸,fa06290b,26.47100,0
大意了，没有闪,b35fc6ef,73.32900,0
囸,39ad2633,91.62400,0
40.6了,606f72a2,23.44200,0
妙！,ed3dbff2,140.06900,0
有才,55429ada,177.04500,0
有才,a3f866c6,177.57900,0
绝了,f00b89e0,85.03400,0
有才,b906bb15,180.00000,0
币有了,b2a301a4,20.42700,0
有才,71945e95,173.19100,0
下次一定,d13b4843,156.86700,0
y,e8f4333,172.56900,0
有才,56267f49,175.37700,0
囸,4bc0bcf4,59.25800,0
囸,7bb12811,106.76500,0
有才,56267f49,175.37700,0
有才！,eb47bf3d,179.60000,0
哈哈哈哈哈哈哈哈哈,7bb12811,79.98600,0
有才,ce4f3a6a,178.77700,0
囸,48dc81d5,33.99900,0
有才,8205395f,177.96000,0
囸,dd7e5977,28.04300,0
囸,7930a473,26.34500,0
三连了哈哈哈哈哈,8205395f,139.40600,0
囸,c5b504d7,79.63500,0
有才,3877079e,178.71100,0
绝对,751d4572,56.56600,0
lbwnb,b7d45890,57.12400,0
囸,ce4f3a6a,43.68300,0
囸,660f0400,42.24800,0
有才,f46b6f7d,177.99900,0
？？？？？？？？？？,310950c2,61.85900,0
你再骂,3877079e,76.42000,0
給！,1e3e5838,171.40100,0
有才,7bf00bde,173.51500,0
有才,4076ee85,179.92500,0
有才,809b2dbc,177.16900,0
有才,64a6f689,0.00000,0
Ohhhhhhhhhh,6d69b558,152.61900,0
ohhhhj,3d0abc37,161.73100,0
囸,a5b9cac1,81.30100,0
hhhhhh,8310a88,118.24500,0
有才,bcbe5502,174.23000,0
反弹，反弹，反弹，反弹，反弹，无限反弹。,67052d88,88.01900,0
哈哈哈哈哈,3f4a933d,170.10700,0
囸,d651b79d,25.68500,0
神经病哈哈哈哈哈哈哈哈哈哈哈哈哈哈哈哈哈哈哈哈哈哈,89334d84,58.98000,0
有才，下次一定,ad78d35f,162.96900,0
你真棒,f26701bc,170.13500,0
桀哥,50738902,48.79700,0
囸,a8ff88f3,31.46400,0
你再骂一句,f7636c96,61.41700,0
有才,c605da92,179.84600,0
好活！！当赏！！！,ffa577cc,175.94200,0
囸,2eb32070,29.50200,0
三连回放,3aa6d31b,19.43400,0
有才,e94cbeff,179.92500,0
囸,ef6a006d,31.47400,0
下次一定,6a03e68a,174.22300,0
囸,81b958f3,26.03400,0
针不戳,1a5e42da,101.03100,0
有才,66155884,179.40500,0
？？？？？？？？,fe0d05f9,65.19900,0
囸,adedd04c,28.75100,0
ohhhjh*hhh hhhh hhh hhhh,bac7bfe,155.29700,0
囸,c2038446,31.80900,0
囸,ea74c2e1,27.71800,0
哈哈哈哈,5f0b98f4,61.42600,0
囸,5795dea3,28.53900,0
哈哈哈哈,5f0b98f4,37.40300,0
有才,5e1bc53c,178.81800,0
有才有才有才有才有才有才有才有才有才有才,ad4e30af,179.15400,0
囸,454746c4,50.79100,0
天空是蔚蓝色，窗外有千纸鹤,9b713130,71.89000,0
囸,4fb5cb45,43.62400,0
天空是蔚蓝色，窗外有千纸鹤,9b713130,71.89000,0
有才,48184e95,176.99100,0
你真棒,2ef1f83d,179.92500,0
哈哈哈哈哈哈哈,84fa2299,117.19000,0
有才,3148daaf,179.84600,0
囸,86c26008,65.62000,0
有才,915a114b,176.26500,0
笑完的我发现事情不对,48184e95,64.93900,0
你再骂？,67823486,76.45600,0
全体起立,67823486,62.95800,0
氜,c6f6a92c,80.90800,0
好话,556fc17f,179.92500,0
有才,8cfafdc5,175.62200,0
6“6,9861f48d,161.97200,0
囸,77a03b5b,31.04000,0
投币吧,79b14693,179.28200,0
对不起，我不对劲,a21a2ada,149.92600,0
是 求 字带水还是 币。。。doge对不起,a21a2ada,149.81900,0
下次一定,54a2a604,157.34700,0
哈哈哈哈哈哈哈,1f40ebde,62.54200,0
卧槽,54a2a604,119.84700,0
囸,f080b383,41.53700,0
囸,7085b375,35.73100,0
？？？,c9447bc4,150.53100,0
有才,21b89ddc,178.54100,0
囸,ca600c6b,67.18400,0
哈哈哈哈哈哈,857e1037,150.99100,0
哈哈哈哈哈哈哈哈哈哈哈,921fd5ba,53.55000,0
？？？？？？,857e1037,93.52500,0
妙啊,21b89ddc,44.26000,0
有才,8065916c,177.31600,0
有才,5a2d4fa3,177.32600,0
两个币给你了,8065916c,164.93900,0
有才,2cf87ccd,177.98200,0
下次一定,231a8a62,148.15500,0
好家伙,439514bc,42.68300,0
34万了,b635c19f,7.57800,0
6啊,231a8a62,133.79100,0
工整,231a8a62,120.24000,0
卧槽,2cf87ccd,137.89100,0
你在骂,f20f74dc,69.04700,0
看评论贱笑和尊尊官宣了！！！,9f717d89,13.84200,0
看评论贱笑和尊尊官宣了！！！,9f717d89,13.84200,0
有才,9354f7c,177.25100,0
囸,de30e8ee,26.00500,0
这个人涨粉真的快,102037d1,29.87300,0
下次一定,aedbefe5,152.00000,0
哈哈哈哈哈哈哈哈哈哈,8a8c9af3,93.80000,0
这次一定,f86a4213,175.29900,0
666,4c778854,76.39900,0
这次一定,f86a4213,175.29900,0
最简单的嘴臭，最极致的享受,1aa4426d,140.42000,0
ohhhhhhhhhhhhhhhhhhhhhhhhhhhhhhhh,c7c97016,155.81100,0
23333,86609f1a,52.74100,0
？？？？？？？？？？,ea3daaf3,72.41400,0
投币投币,ba9703bf,151.70000,0
囸,3096b0dd,34.06000,0
针不戳,2a9b8f87,105.48900,0
有才,b0b6d6fd,174.84500,0
囸,c7c97016,72.21600,0
强行对对子可还行,bc78139c,83.53800,0
有才,dbe4445f,174.80500,0
写不开了,e6e8b48d,133.24700,0
囸,3794b851,34.91900,0
有才,c6c3f60e,179.84600,0
？？？？？？,21ac7f45,156.75500,0
有才有才,c8dcef78,171.70800,0
你再骂？,bb47e81f,70.58000,0
下次一定,74a8b2b1,149.57600,0
不舍,72ba2af6,179.92500,0
好活,e9b407dd,15.14900,0
好工整哦,33f953e4,56.17900,0
有才,1bb1d7c1,176.63100,0
有才,36e20e36,177.37400,0
有才,3e828b1f,178.81300,0
下次丕定,7fb43345,174.66000,0
下次一定,756fbdb2,2.50000,0
你三连没了,1ab8420,67.64800,0
有才,1e990eb6,179.37500,0
有才,3b78eb58,174.74900,0
春晚没你不看,1800dd37,179.92500,0
有才,99bd7a7e,179.92500,0
hhhhhhh,1800dd37,166.58000,0
囸,a308274b,29.52100,0
哈哈该哈哈,7748dfa9,55.17900,0
有才,133dfb0,177.41800,0
牛逼,58905c49,161.21400,0
有才,447fd2df,178.96100,0
????,1800dd37,70.02100,0
囸,1e990eb6,25.77700,0
了解了解,1800dd37,19.45100,0
囸,7069fe04,37.20800,0
6666,db0cae9a,160.84100,0
囸,ac0fff56,42.24000,0
学不会啊 有才有才,69dce7b5,176.57900,0
有才,5aca1cdd,179.92500,0
有才,6c5dc639,176.26700,0
得得得得得得得得得得得,9fd51995,56.26000,0
有才,270679f5,179.84600,0
Nb,7263a868,69.97100,0
囸,7441ba2c,28.03800,0
祖传开头,88b19042,15.70100,0
有才,1121c807,166.72100,0
囸,23bfb2e6,40.17400,0
有才,b6362b16,177.87400,0
公屏,be7c3f9c,178.21700,0
有才,df19a310,176.56100,0
给了给了,ebde8893,166.15700,0
下次一定,cc048a3c,156.92800,0
啊这,14e274bb,154.47900,0
牛,1121c807,68.91200,0
又被冒犯到,cc048a3c,70.43300,0
哈哈哈哈哈哈哈哈哈哈哈,cc048a3c,58.66800,0
有才,a1ca011b,176.16300,0
囸,618c2b5c,88.45300,0
哈哈哈哈哈哈,1f6879e7,63.82700,0
囸囸国,c6b6370a,65.02200,0
囸,c6b6370a,40.06700,0
囸,ace9c704,31.27900,0
有才,8b904d23,172.27900,0
有才,26653af5,179.31500,0
你币没了,f6ede69f,78.22700,0
囸,dbd847d8,48.97900,0
有才,ae67f8ac,176.82000,0
你再骂？,5fcf4651,60.62800,0
有才,1ab357ba,173.01100,0
下次丕定,8f7c62e8,165.75400,0
囸,ae67f8ac,46.94000,0
囸,3e7864c0,41.91800,0
囸,3948065e,34.42100,0
下次丕定,7d3ae74b,171.36900,0
有才,42d196a0,178.98500,0
