柿柿如意,20814b19,472.01600,0
柿柿如意！！！,3a7a68ec,21.82800,0
柿柿顺心，驾考必过,da071d29,520.68900,0
入职顺利，顺顺利利，事事顺心,64eaf1e8,24.61900,0
柿柿如意柿柿顺利,b8f2daee,453.28900,0
传说中的铁板烧,7a1f43f,998.13900,0
三十岁前暴富,dec36770,2.52900,0
真美的小姐姐,f835b649,35.98600,0
柿柿如意,562ac20d,91.17900,0
希望事事如意 上岸成功 爱小哥 爱妈妈 和小哥在一起一辈子,86a739f8,41.62000,0
事事顺心，比zzt厉害。让他倒追我！！,64a91ddc,240.93900,0
考试顺利,b8f2daee,271.82800,0
千树万树梨花开,86cb1739,192.35800,0
肺结核,da05e09a,934.24700,0
柿柿如意考试顺利,b8f2daee,200.42500,0
柿柿如意，和他在一起,d3521bf0,179.24300,0
农家乐小老板握爪！,4aea2ed0,810.19700,0
柿柿如意,6fd09582,66.45700,0
事事如意，成功上岸,f7aafc1e,33.37800,0
国考进面吧，求求,e87cd519,132.05800,0
希望我能追到李睿！！！！！一定要！,3f03377c,9.77900,0
柿柿如意,5a3a5f4a,495.25000,0
事事如意，前路顺遂,884e75ea,199.53900,0
老人怎么不能吃呢？袁老采访说还吃水煮肉片呢,38311341,1100.42700,0
学业顺利，继续深造,9fb6da2,173.70600,0
柿柿如意,836f815c,1210.90700,0
是不是唱消愁那次的,e96e8db3,889.10100,0
像烤肉,e96e8db3,878.56100,0
田liang（我也不知道是n还是l），云贵川这边阿姨叫“liang”,38311341,963.51100,0
希望考试顺利，家人身体健康，能遇见对的人,4d58a569,179.49900,0
事事如意,73f5a37e,29.03000,0
这个呃 哈哈哈好可爱,ec657810,1068.15800,0
白夜要健康要开心,65afd2fa,126.41900,0
考研上岸,4f954608,271.59300,0
许愿的全部结果相反,25b54c7e,518.46800,0
柿柿如意,399b4ce2,129.75900,0
柿柿如意,ae529ef3,47.57400,0
柿柿如意，早日脱单，家人健康,55a8e689,447.87800,0
柿柿如意,cb8df379,86.07900,0
柿柿如意,9c23d14a,476.91700,0
柿柿如意,e96e8db3,494.03800,0
C语言过！,325b62af,270.35900,0
做柿饼要脆柿,e96e8db3,421.10000,0
为什么她什么都会啊！！！,a28e55ce,547.20900,0
这2筐有没有40斤？,e96e8db3,388.36200,0
考研上岸！冲,9c23d14a,161.48600,0
好想要那顶帽子,d724f0e7,1209.89900,0
柿柿如意,cdea10c9,45.56900,0
一帮小猪猪在这许什么愿，烦不烦啊,b8f0e8ce,261.87300,0
柿柿如意，柿柿顺心,bc33ea2e,464.43000,0
事事如意,15b905d6,477.06000,0
柿柿如意,836f815c,467.62700,0
好事连连,70b30580,493.74400,0
考试顺利，换宿顺利,325b62af,106.23900,0
kO,325b62af,106.23900,0
希望结丹成功,e8d09b87,234.33900,0
英语考试顺利！,9050c411,28.69900,0
身体健康,a56312f5,43.32000,0
我丢这样看上去好好吃,345bdb70,917.79700,0
考试全过,a56312f5,27.41300,0
柿柿如意,29bf9ebb,474.83000,0
1,20d7d64a,310.03200,0
事事如意,726947cc,105.05900,0
太会吃了。,253fd362,1195.34000,0
期末一定要过！！,15b905d6,93.48600,0
柿柿如意,dc80b78e,491.31200,0
事事如意,70b30580,23.37900,0
刘传娇 你给我等着！,4eb5bdd0,19.56700,0
柿柿如意,465092ea,136.95900,0
服了 三分钟了还在许愿,770e9bdb,187.36600,0
太受不了,aedf349c,1145.45600,0
心想柿成,f6e4b30e,39.21900,0
身体健康 柿柿如意,d6fbc783,42.45000,0
事事如意,8cade1a8,18.01900,0
来了来了~,90e9ed6f,15.84900,0
希望明天艺考顺利，达到240,d9e5e8d4,1205.24600,0
柿柿如意，愿我的外婆长命百岁,961bd9cd,231.74200,0
上岸,eaaff33c,5.94000,0
考试600,27830710,39.91000,0
祝愿小夏夏，柿柿如意。,b4f3c3b,66.65800,0
谢圣涵考研上岸呀,8f8b1391,1206.13700,0
突然想吃柿饼了,644e4b67,501.49900,0
那就都一起柿柿如意吧,7dbe8fd0,539.16900,0
柿柿如意,39579ed7,483.21900,0
高考必过,a2236982,200.33100,0
好事和你在一起,28530f3b,918.20600,0
高考加油,a2236982,50.05900,0
每事不顺,a009ae58,92.25900,0
帽子好可爱,ddb09794,1179.49000,0
逮到起偷柿子,a009ae58,61.29900,0
柿柿如意,724bb991,489.11000,0
事事顺意,cab3e4b3,80.00800,0
考上研 然后去看星空看银河,96d9a51f,279.22700,0
赚钱,644e4b67,91.03900,0
柿柿如意,46a5e8b,480.67400,0
许愿的全都不如愿,1b63c58,278.77900,0
事事如意,f6342a3b,186.85600,0
柿柿如意,ec56c0f5,96.14500,0
柿柿如意,64837c3,455.57200,0
居然能把这么大一块石头加热到能烧烤..,2e7b0e0c,997.82100,0
摄像小姐姐有福气啊,ddb09794,1027.72900,0
多穿点哦,ddb09794,947.51800,0
柿柿如意,f2fe2297,501.24000,0
哇哦，还可以这样,ddb09794,924.13900,0
事事顺心,45389c30,27.39100,0
小助理好可爱阿,ff83c02,1094.35300,0
火锅,ddb09794,892.63500,0
还能这样,2e7b0e0c,849.59000,0
眼泪不争气地从嘴角留下,ddb09794,852.83600,0
事事如意,1763e961,475.24400,0
事事如意,d34dd069,29.99900,0
美食博主家真是什么都有呢!,2e7b0e0c,784.04400,0
柿子不能和鱼同吃，会结石的,ddaacaeb,1190.17900,0
南方物种丰富，不像北方冬天只有大白菜，但也挺好吃,ddb09794,788.08200,0
第一次看到茭白+1,2e7b0e0c,764.16600,0
二娘,ddb09794,751.03000,0
开花了,3b5b0632,200.06200,0
"大肠灌香肠的, 你是要笑死我们嘛",2e7b0e0c,692.21800,0
柿柿如意,d1806da1,268.77900,0
这是要做香肠吗,ddb09794,684.18900,0
姐姐的杯子都很好看,ddb09794,661.45000,0
天府之国是成都啊,9bc4e04c,816.79800,0
摄影师好厉害,ddb09794,608.87400,0
居然是件衣服,3b5b0632,101.26700,0
柿柿如意，事事如意！明日顺利送教！,1763e961,259.80400,0
柿饼好可爱,ddb09794,533.18500,0
考研上岸,3b5b0632,55.10100,0
事事如意,ddb09794,471.35900,0
柿柿如意,6fefdc14,276.03800,0
好棒,ddb09794,462.66400,0
柿柿如意,2e7b0e0c,465.08100,0
都没有浪费耶,ddb09794,426.32400,0
沛沛柿柿如意,693fde09,158.61100,0
这期好棒,d94ea7de,1210.68700,0
姐姐皮肤好好,ddb09794,277.25300,0
事事如意,a468756f,25.81900,0
事事如意心想事成,ff83c02,458.95000,0
柿柿如意，家人平安喜乐，健康顺遂,8d2fb78f,315.11300,0
好看好看,ddb09794,101.81800,0
柒姐家还有麦片了?,2e7b0e0c,312.71300,0
柿柿如意,c33d6f84,463.37100,0
哇,ad00cc3f,923.72100,0
柿柿如意,e2af0a5d,43.69300,0
万柿如意,e2af0a5d,30.03900,0
wanzhi,e2af0a5d,28.03900,0
柿柿如意，平安健康,360fe707,299.14600,0
柿柿如意,1f1921aa,44.27800,0
cpa 上岸,2e7b0e0c,35.05000,0
教资过过过！,36c9c68,133.09900,0
流泪了,ad00cc3f,617.03800,0
平安健康，赚大钱,360fe707,136.26900,0
柿柿如意,57221c97,476.78100,0
？？？？？？？？？？？？？？？？？？？？？？,463c2e3b,905.31200,0
事事如意,e71562e7,478.46400,0
柿柿如意  明年能脱单,9fa89fc0,464.61900,0
昨天才吃的烤肉 今天就记不得肉的味道了 ,38a7c693,1177.96200,0
吃着泡面看呜呜,38a7c693,1171.73300,0
希望明年能脱单,9fa89fc0,358.69900,0
万柿胜意,1af45f11,96.82100,0
万柿胜意,1af45f11,89.38100,0
事事顺心(^O^)!考试必过,8c6cef25,0.00000,0
柿柿如意,4d8865ee,113.91800,0
万柿胜意,1af45f11,97.53900,0
万柿如意,e5de039a,476.23000,0
柿柿如意，2021,e72dc6fc,488.06500,0
？一个视频快让你们许完了,ae3e9535,456.87300,0
韩国人估计又会炸锅,1d721080,1024.71800,0
柿柿如意,6688bb43,458.50200,0
好强啊,463c2e3b,45.00300,0
未若柳絮因风起,935a7ef5,210.68200,0
健康快乐,97e149d6,269.53600,0
婆婆睡衣超可爱,9a6a45f7,931.37300,0
柿柿如意,51feed44,186.95900,0
！,9c1b878e,1026.87500,0
柿柿如意,1465d5e5,492.94700,0
明天有个好结果,cdefcd33,459.78600,0
爱了爱了,1465d5e5,445.36800,0
好看,1465d5e5,341.90900,0
那些许愿的是不是都有毛病 能不能让人好好看视频了 脑子有病,31656c8e,119.52800,0
希望在春节之前把论文投出去,1465d5e5,304.21500,0
希望自己可以踏实做事，不放弃,1465d5e5,259.21700,0
百果园啊,7124461,814.86200,0
柿柿如意，考的都会,e2398a62,458.65900,0
柿柿如意,69ab5843,1209.81000,0
？？？？又来？？？？没完没了了？,9a6a45f7,447.93900,0
得到认可 柿柿如意,cdefcd33,24.55700,0
弹幕里许愿的全不实现,abf099dd,557.10800,0
柿柿如意,d600ca50,505.46800,0
事事如意,fe5ceac0,60.85900,0
柿柿如意,5d328ef7,1207.87900,0
柿柿如意,5a2f2e7e,500.94200,0
柿dhir,5d328ef7,1207.87900,0
联考顺利,e83d0e0a,122.04500,0
事事如意，感情顺利，工作顺利,70476416,464.62500,0
期末大吉,e83d0e0a,103.12500,0
柿柿如意,7124461,213.06800,0
柿柿如意,e83d0e0a,93.66500,0
柿柿如意,e83d0e0a,91.74500,0
柿柿如意,e83d0e0a,87.40500,0
柿柿如意,805345be,489.25700,0
考研必过,8d0aec4b,261.56000,0
事事顺利,8d0aec4b,245.56000,0
柿柿如意,d48f188c,447.46700,0
一直想家里种棵高高的橘子树,12a333dd,770.18800,0
柿柿如意,d48f188c,47.64700,0
暴富！,983570b4,548.99000,0
地菜,8a0209b8,776.40200,0
毛衣好好看,1073010e,549.77900,0
头发太好了,fddca234,634.53900,0
柿柿如意,2ce6fa66,468.55900,0
馋茲芭了。我姥姥家在湖南。,ed91a881,1161.09900,0
难民小助理,cce4f574,1013.29500,0
妹妹是个天人，有美食，无佳偶。,ed91a881,1121.61900,0
家人健康，脱单成功,2ce6fa66,238.05900,0
妹妹家里缺我这个大胃王！,ed91a881,1006.01900,0
好美的地方,1073010e,19.65900,0
刚刚看明白是涮锅子。,ed91a881,845.89900,0
事事如意，教资面试过！,4ac2870f,189.77900,0
柿柿如意,105a83d7,176.31900,0
柿柿如意,cbd926bc,48.95900,0
联考250,5cf3e94f,112.18700,0
高考加油！,5cf3e94f,93.15800,0
红桔，真的是童年的回忆了,fd73c62e,763.96700,0
柿柿如意,60ae3d8f,458.53300,0
事事如意,c603e59f,32.80800,0
柿柿如意！！！！！！,3cd28e9,179.86400,0
烤肉吧,7e03c635,851.39300,0
柿柿如意,f44bd605,479.61900,0
柿柿如意,ea660d0,471.52900,0
来了,bd577274,38.77900,0
仙境啊这是,798e1ba1,603.31700,0
李大侠徒手掰核桃,49b5e05c,899.39100,0
能别许愿了吗有病啊,798e1ba1,313.39100,0
事事如意,ffd6b01f,32.57300,0
想吃个通红的,828f25da,383.63100,0
事事如意！,23eb7b88,470.69800,0
上岸！！！,4caf3c14,7.47800,0
柿柿如意,7a2679b3,474.05700,0
求BGM,acf03e8d,384.42000,0
前面的，也可能是乡邻的鸭，非说团队种，难道不能去买或者去菜园吗沙雕,334dc811,820.37900,0
柿柿如意,d314605f,468.99900,0
柿柿如意,cf45bdff,52.40200,0
看着好冷哦这么冷的天,e3f020e0,810.38200,0
CFA上岸,743b09d2,453.27900,0
一次上岸,743b09d2,447.14000,0
事事如意～,d314605f,13.61900,0
接本成功,743b09d2,441.41200,0
表白成功,743b09d2,435.53000,0
四级必过这次,743b09d2,416.33400,0
面试通过,743b09d2,410.37400,0
和他在一起,743b09d2,403.27500,0
河海大学考研上岸,743b09d2,396.09200,0
考上中石油,743b09d2,384.58000,0
升本上岸,743b09d2,372.81000,0
通过法考,743b09d2,355.31100,0
减肥成功,743b09d2,348.71700,0
求好运,743b09d2,342.61800,0
考研一战上岸,743b09d2,336.84800,0
一战成硕,743b09d2,330.40400,0
考上上交大,743b09d2,324.50800,0
祝我弟考研成功,743b09d2,318.12400,0
颖上岸,743b09d2,311.04200,0
2021好运,743b09d2,305.07400,0
SY一战上岸,743b09d2,299.26000,0
我天这星空真的是绝美,810b29c9,268.42900,0
如果我是DJ你会爱我吗,81504ba9,106.21200,0
核柿碧,bef3355d,915.37800,0
希望我的孩子能够健健康康的 出生下来 ,4d1048ef,53.01900,0
可不可以别在那里许愿了/,b7ffb41d,524.53600,0
柿柿如意,8e1c36c7,472.16700,0
好像画面变成一秒60帧了,b3f03fe8,33.81100,0
卧槽！！！,c2f6273d,901.61100,0
柿柿如意,13f1f128,59.77900,0
柿柿顺心,b7ffb41d,69.40500,0
柿柿如意，事事如意，顺顺利利，平平安安，健健康康,a633690e,478.37700,0
翻译官呢？,e01e64f2,1148.22500,0
期末顺利！学会高数！背下管理学！复习英语！,4141deed,56.34200,0
柿柿如意 考进精英班,15783338,373.39600,0
哈哈哈我也喜欢闻香菜,c0cdbf5,742.57800,0
事事如意,116823d7,34.48000,0
好好看,c0cdbf5,442.81500,0
事事如意,a5db2136,21.20300,0
小森林,e3f020e0,447.97900,0
希望接下来的两天能收到offer ,a5db2136,11.66800,0
好看,9e4d81ec,340.97700,0
“你说把这个插脑阔上好不好看”,c0cdbf5,328.06200,0
“撒盐空中差可拟”比“未若柳絮因风起”差的是意境,292a194f,202.08700,0
这是过滤吗,9e4d81ec,251.03000,0
顺利收到心仪offer,12563b6c,4.07500,0
子柒辛苦了,9e4d81ec,204.90100,0
像显微镜下视图,c0cdbf5,265.76900,0
看着好好吃,e62e5901,704.50000,0
好美        啊啊啊啊,e62e5901,598.30200,0
我们喊茭笋,d940637d,769.23900,0
阿吉架！,d64fc216,626.06800,0
面试顺利面试通过,cb791085,135.61900,0
事事如意,32489999,94.34700,0
莴笋,907151df,774.99400,0
柿柿如意柿柿如意柿柿如意,ee924dcc,488.89000,0
找到工作求求,d64fc216,472.80900,0
柿柿如意,4c384738,182.15200,0
这个造型好美,e724b67b,430.66200,0
柒姐产品名义代理出去一定把握质量关啊,d7a5cd13,110.71000,0
柿柿如意,7fb21a14,95.79800,0
柿柿如意,7fb21a14,4.83500,0
柿柿如意，愿他们一切安好,81d61fc0,464.74700,0
柿柿如意 全家健康,3b13e968,201.89900,0
事事如意事事顺心,1e443aa4,307.45900,0
有大肠灌的香肠,5e40568b,717.59500,0
柿柿如意,ff726d16,62.10000,0
确实有大肠灌的,5e40568b,696.55500,0
好馋人，啊，不，好残忍，我吃不到,c80c1e57,1003.17400,0
身体健康，工作顺利,4a4dc165,454.35000,0
柿柿顺心,d893e46c,469.01800,0
事事如意,d893e46c,461.76200,0
希望我能得偿所愿,eb97c2,584.16600,0
这个摄影太专业了,33c63f8d,743.06700,0
 考上编制，事事如意。,b605f953,25.83300,0
这操作厉害,aba10d4,345.29900,0
太好看了,33c63f8d,577.50700,0
绝了啊,33c63f8d,570.26700,0
事事如意,eb97c2,29.30800,0
事事如意,fbc93767,87.69900,0
泪水不争气的从嘴角流了下来,4c668e14,1210.52800,0
又漂亮了,aba10d4,96.21900,0
离谱,8e46779d,497.36600,0
来了,aba10d4,25.41900,0
好像炸糕啊,133fceb9,516.47700,0
明明正在吃烧烤的我还是觉得馋,aa646027,1172.73300,0
挂着鸟儿不啄吗,133fceb9,476.46400,0
金色传说,11d81260,616.11200,0
鸟儿不啄吗？,133fceb9,463.83700,0
小助理吃得包口哇扣的,aa646027,1091.06900,0
妈呀真的没人摘啊,133fceb9,353.06700,0
姐姐辛苦了,f3dcf74f,1206.71700,0
为啥要淋醋？,133fceb9,263.13300,0
柿柿如意,62e50efa,60.37600,0
希望我可以考研成功！！,7da75a04,277.52200,0
柠檬去腥的,aa646027,855.05800,0
柿柿顺心！专八必过！教资面试必过！,321ee1c2,13.63000,0
柿柿如意，考研上岸。,1296e931,474.09900,0
下雪啦,7ebf4d57,178.79500,0
柿事如意,1296e931,419.62000,0
我们老家川北小县城有说抿甜，寡苦，曲黑，赞黄，非红，扣绿，薰白，胶痛，绑重，捞轻等等前面都是形容非常的词,aa646027,612.92500,0
收到offer,7e0a1434,77.17900,0
事事如意,d00b9f4a,1206.48600,0
家人平安,d00b9f4a,1202.48500,0
柿柿如意,629af1ca,469.53400,0
万柿顺意！柿柿如意！y,beff66cf,490.55900,0
事事如意,78c8a8d4,502.73900,0
深大上岸,664814b1,159.61400,0
远离大城市的农村真的有这样的星空，城乡结合部都看不到,aa646027,285.84200,0
柿柿如意,adf6e2d7,487.22200,0
柿柿如意,1c5c609c,1209.56700,0
流下了泪水,1c5c609c,1179.10800,0
公务员上岸,32874193,55.91100,0
事事如意 身体健康 阖家欢乐,c923bad8,181.19600,0
许愿怎么了不看不就好了,4e76b38d,354.59900,0
事事如意～y,beff66cf,45.81900,0
好有意趣,1af81ce1,450.77900,0
神仙,1c5c609c,946.23500,0
哈哈果然出现了生菜,bc5659f6,1022.95500,0
hi from new zealand,2f4708f1,1.87200,0
柿柿如意,4c668e14,161.58700,0
事事如意,1f9abd5e,20.11900,0
柿柿如意,4de82d26,517.28800,0
这个小助理像个难民,cce4f574,1065.41400,0
考博成功,3cd6f3a0,20.20100,0
柿柿如意 小猪省考必过！,baad572c,245.30700,0
真服了这弹幕,888d30e6,482.32800,0
柿捅爸打的你站住,5471f9ce,471.52600,0
柿柿如意,6aa20049,484.11500,0
柿捅爸打,5471f9ce,462.04600,0
事事如意,9120babd,29.64900,0
柿柿（事事）如意,6a69c800,22.59900,0
柿柿顺心，公考上岸,8852a919,438.42000,0
事事如意,5f540014,301.09500,0
万柿如意,f1e963d7,97.67900,0
2020顺利过教面试，事事顺利,be9f30ee,47.07700,0
柿柿如意,f1e963d7,95.19900,0
2020顺利,be9f30ee,58.47000,0
柿柿如意，自己和家人健康平安，快乐幸福！,cdeb7c33,49.02300,0
柿柿如意,3e26d181,92.80500,0
一战成硕,b59af377,34.43600,0
这种流心柿饼巨好吃！,95575aec,615.47300,0
事事如意考试顺利,396e430f,122.85900,0
这种柿子最好吃了,6524eebc,40.08400,0
平平安安,f3dcf74f,458.58700,0
脱单,fbee0a59,498.31900,0
祝老奶奶身体健康,f3dcf74f,312.62700,0
柿柿如意,bf8197fe,71.14900,0
发愿望有个屁用啊为什么自己不努力,7b8c9fea,283.43000,0
发愿望的有毛病吗？开头发就算了视频中间也发,7b8c9fea,268.07000,0
事事如意,abcb1138,109.55900,0
雅思6.5！明年7月顺利去澳洲！,35eb709d,324.80700,0
事事如意,abcb1138,107.13900,0
那不是助理吧，是家里的小妹妹吧,ce7238b3,1101.84400,0
前方高能预警,abcb1138,103.07900,0
万事如意,f3dcf74f,19.33900,0
考公上岸,6408e36d,35.19900,0
给我馋哭了,4f5d15d3,627.39900,0
事事如意,968c975f,23.48100,0
万柿顺利,fac8d1e2,481.25500,0
柿柿如意,fac8d1e2,462.77500,0
柿柿如意,42efb8cb,414.89900,0
柿柿如意,42efb8cb,408.05900,0
柿柿如意,fd79f2c3,77.77200,0
柿子晾干的时候总往下掉怎么办呀？今年做的几乎掉了一半……,5f58bf16,470.70700,0
事事如意 今年顺顺利利,b6a892db,471.83600,0
事事如意,d61dbb78,17.12900,0
居然是脆柿！,a3300d30,136.46600,0
我的CPA，税务师全过，过！过！过！,7042295c,149.56600,0
滤镜绝了啊,d672c16d,353.16200,0
柿柿如意,ac2cab4f,479.13900,0
柿柿如意！,58f44ae0,71.45900,0
成功上岸！！,7ad37865,454.15900,0
柿柿如意,bec31bd0,474.65900,0
妹妹高考加油,4667ca74,394.17900,0
烤肉！！！,5d4d9833,891.94900,0
柿柿如意,1c06b1c3,461.77200,0
你们在这许愿的有用吗？不如在现实生活中多努力来的有用,41da1b93,454.93900,0
柿柿如意,947cbf6c,78.33600,0
这是什么操作呀？,9741195b,252.53900,0
柿柿如意,913d297f,471.37100,0
六级必过,743b09d2,209.72800,0
完成小目标 赚它一个亿,743b09d2,203.77500,0
暴富 暴富,743b09d2,187.62600,0
考试必过,743b09d2,181.66800,0
二建,743b09d2,175.70600,0
考上重高,743b09d2,169.22000,0
考上研究生,743b09d2,162.90700,0
找到知心人,743b09d2,156.35500,0
脱单成功,743b09d2,144.52400,0
真希望你们不是在这儿说说而已,41da1b93,181.37900,0
考上医科大学,743b09d2,138.67500,0
赚好多钱,743b09d2,132.25900,0
加薪成功,743b09d2,126.45400,0
博士录取,743b09d2,120.62700,0
六级冲冲冲,743b09d2,114.32400,0
雅思过7,743b09d2,107.42100,0
期末班级前10,743b09d2,99.52000,0
艺考上岸,743b09d2,78.86000,0
月入百万,743b09d2,72.85100,0
教资up冲冲冲,743b09d2,63.75700,0
规培上岸上岸,743b09d2,54.40800,0
公务员上岸,743b09d2,47.87800,0
艺考冲冲冲,743b09d2,41.57400,0
高考650+,743b09d2,33.23000,0
厦大必中,743b09d2,24.35900,0
211,743b09d2,11.85800,0
二建过,743b09d2,6.05800,0
期末必过,c3249318,453.34700,0
教资面试冲冲冲,f1b276da,169.93700,0
柿柿如意,f14883b7,68.47900,0
柿柿顺心！,aac0b5fa,458.92100,0
柿柿如意,f1b276da,23.85000,0
柿柿如意,c38163f4,466.48100,0
柿柿如意！！！,d12aa47,171.92500,0
考研顺利啊,a2b596e2,44.45800,0
倒回去看难民小助理,6abd1237,1067.73800,0
柿柿如意，复读成功！,da15b8ac,267.95800,0
21年为人民服务！,7ebf49a5,110.35600,0
上岸上岸上岸！,7ebf49a5,93.46900,0
事事如意,7ebf49a5,85.62600,0
好久没看过星星了,2c38b586,267.93100,0
柿柿如意 上岸,6abd1237,351.81600,0
答辩通过，毕设顺利,817eb2a8,478.18200,0
真是啥都有,31764539,369.37900,0
柿柿如意,9e29d115,466.83600,0
2020YDX,72d84320,1209.74800,0
我屏蔽了如意，还有顺利顺心，没完了是吧,2478de74,466.41400,0
大婶是个钓鱼佬.哈哈，女钓友,2d3b4703,959.33500,0
我是个没有感情的杀手,cc2735a9,124.66900,0
好看,88a35d0c,333.79900,0
好！！！,2478de74,277.58200,0
这么多柿子为啥没小孩采摘呢？,cc2735a9,86.37500,0
公务员上岸,e2bbe0a6,50.92100,0
我不信，我觉得是摘不着了,17149838,582.02500,0
这是哪里啊,89d182cd,300.82000,0
柿柿如意,434b8853,466.51300,0
柿柿如意,e936333b,535.13900,0
难民,59133ead,1072.55300,0
柿柿如意，考研上岸，顺利毕业，找到好工作,d030cc18,227.12900,0
科二一把过,f9f0dbcd,204.73900,0
柿柿如意,e936333b,147.73900,0
云南瓜,1a44de1,806.41700,0
好馋,95eca249,1145.08300,0
还有呢？,d729f799,1176.20500,0
许个毛，你的生活过得有这么不如意吗？,f9a735c9,205.39600,0
柿柿如意 事事顺心,b09d6ac,482.28000,0
柿柿如意,adb1da3a,513.28700,0
头发很好,6c61e82d,333.35200,0
柿柿如意，祝我生活越来越好,8e0493a7,464.17900,0
屏蔽柿shi如意,d48e2daf,571.90100,0
上岸上岸,5e08a840,15.44800,0
发生甚么柿了？？？？？,743b09d2,519.03800,0
哇哇，柿饼这样来的,c7a0c7eb,540.49700,0
接本成功,743b09d2,38.49200,0
一次上岸,743b09d2,32.16400,0
找工作顺利,743b09d2,19.85300,0
期末考,743b09d2,12.60500,0
柿柿如意,68de4107,58.37500,0
酸汤火锅吗,c25dd61e,870.82400,0
上岸,82614536,44.87900,0
好厉害了，姐,9a4aeb1a,52.65800,0
小助理可以开个吃播,b9b8feb5,1131.30400,0
柿柿如意，年底上岸啊！！！,bbc5567c,267.05700,0
柿柿如意，柿柿顺～,c0b92a16,197.63300,0
柿柿如意，一建全过！,99887061,329.49200,0
考研成功,96f91e36,258.02400,0
事事如意,34aba0e,556.48500,0
柿柿如意！,91fd56ae,107.24100,0
事事如意，公务员上岸,5faae171,52.35900,0
柿柿如意,6cfe4cce,474.68100,0
柿柿如意,eb97372d,482.17500,0
柿柿如意,fd2b78c2,562.40900,0
眼泪从嘴角不争气地流下来,43b630b7,1101.92100,0
柿柿如意,cf52d113,479.73800,0
啊啊啊啊,43b630b7,975.71000,0
卧槽怎么这么会吃,43b630b7,916.07000,0
一个个有毛病吗,69203ddf,507.92200,0
芥菜呜呜呜呜呜,43b630b7,777.99200,0
姐姐柿饼卖吗呜呜呜,43b630b7,619.09400,0
好漂亮救命！！！,43b630b7,531.70600,0
考研上岸！,8cd30457,43.42900,0
事事如意,49f75daf,32.50600,0
柿柿如意拿到offer家人和自己身体健康,43b630b7,212.27000,0
考证都过呀，柿柿如意,f42c483c,122.97800,0
考证都过,f42c483c,72.67800,0
柿柿如意,1be78648,454.61900,0
事事如意，过四级,34e86e3c,200.77900,0
柿柿顺心❤️❤️,34e86e3c,33.75900,0
真宝藏博主,73ccf872,802.14600,0
水晶帘动微风起,11920995,475.54200,0
哈哈哈哈,c1045023,3.05400,0
柿柿顺心,d474cc9a,332.98100,0
想再看一次农家乐小老板了,559e2296,801.91800,0
有点肉肉更美了,cbdcfaa0,418.11000,0
连最起码的弹幕礼仪都不懂，这种人许下的愿望也不会成真，其身不正还指望着愿望成真？可笑！,2b4dffc3,395.02700,0
二建过,743b09d2,188.65900,0
211,743b09d2,182.87600,0
好可爱,1e42c764,1069.53900,0
高考厦大,743b09d2,177.12900,0
600+,743b09d2,171.36200,0
艺考必胜,743b09d2,164.84200,0
公务员上岸上岸,743b09d2,158.94600,0
规培上岸,743b09d2,153.17800,0
教资up,743b09d2,147.36300,0
月入十万,743b09d2,141.32200,0
艺考上岸,743b09d2,135.51300,0
逢考必过,743b09d2,129.77800,0
面试成功,743b09d2,124.00200,0
期末年级前50,743b09d2,98.70700,0
这次雅思过7,743b09d2,92.77200,0
博士录取,743b09d2,80.91600,0
加薪成功,743b09d2,63.59100,0
赚好多钱,743b09d2,57.74200,0
考上医科大学,743b09d2,50.42800,0
真能干的女孩,cbdcfaa0,77.11800,0
事事如意,29f3580f,32.30500,0
柿子徐凤年,a24500ff,383.83900,0
山游快乐起来柿柿如意,73a05ab8,464.31900,0
这是什么花啊？,3d880b10,428.61900,0
高数过了吧,b1114fa7,34.89500,0
馋死我算了,538a057d,1169.03600,0
柿柿如意，男票顺利出成果,3d710413,279.79300,0
未若柳絮因风起,1fc79ea0,159.73900,0
美丽的大自然,d458f06c,591.67200,0
啊啊啊啊啊啊啊,d458f06c,515.25000,0
Ann回来吧,96eab530,241.49900,0
事事如意，我们可以在一起,c546f876,256.11700,0
柿柿如意,fb20d9bf,465.89900,0
硕果累累,d458f06c,53.30000,0
柿柿如意,cfbea847,481.08600,0
助理瓜兮兮的哈哈哈,ebc9bc7b,1069.22600,0
联考过260!,427267ce,33.74000,0
仙女跑步,ebc9bc7b,1040.68600,0
我口水已经准备好了，你就说什么时候开始流吧,69ae1b44,984.74700,0
柿柿如意！,63ad03a7,25.92200,0
哇,ebc9bc7b,916.89900,0
好家伙,ebc9bc7b,848.77900,0
柿柿如意事事顺意~,e1a5d076,98.00000,0
看起来好好吃啊,ebc9bc7b,616.11900,0
柿柿胜意！！！,33d40919,51.93600,0
柿柿如意,f18152a4,482.98100,0
哈哈真的胖了,ebc9bc7b,407.15900,0
好难等,91fd56ae,21.90800,0
柿柿如意天天开心身体健康,8525e5d2,463.66900,0
许愿的够了,9001eede,282.54200,0
我和他期末考试都极好！,497edddb,258.09200,0
柿柿如意,530cb955,62.01900,0
期末顺心,497edddb,243.48700,0
真人版我的世界,1818e79f,781.03800,0
事事如意,530cb955,62.01900,0
啊，好疼,ebc9bc7b,64.79900,0
英语过四级过四级过四级,c212497,70.81400,0
孩子的四级求求了，过过过,497edddb,104.87900,0
孩子的四级求求了，过过过,497edddb,104.87900,0
哈哈，强行组CP，小喜哪里人？挖地是可以的,dc053b1e,878.71800,0
过！,497edddb,67.21500,0
过！,497edddb,67.21500,0
事事如意,497edddb,48.03000,0
孩子的四级求求了,497edddb,59.63000,0
事事如意,497edddb,48.03000,0
万柿胜意,1e70edca,122.78000,0
柿柿如意,8c4dd5a,455.37900,0
事事如意,a24d22d7,24.86700,0
好看,ede553bd,329.74700,0
脆柿子！！！,1d84667e,408.91000,0
婆婆说的轻事意思是说柒娃子臭美,dc053b1e,374.82500,0
啊，被砸了,c5d3ab48,67.29900,0
事事如意,f7f7c439,477.24900,0
上岸,f85345b9,77.84400,0
小仙女,4ecd8c09,1175.77000,0
这个镜头给的绝了,4ecd8c09,1017.80500,0
烤肉,4ecd8c09,996.71400,0
瞬间觉得手中的饭不香了,4ecd8c09,927.48100,0
百宝园,4ecd8c09,811.11200,0
注入广告,1eb29121,315.42600,0
柿柿如意,b849908b,484.31900,0
柿柿如意，明年转专业成功！家人身体健康！,f19a65,460.16600,0
666666妙蛙,8fcd8a0b,917.74700,0
柿可而止,ad0a7710,488.51900,0
事事如意柿柿如意，明年转专业成功！,f19a65,379.69700,0
事事如意柿柿如意，明天转专业成功！,f19a65,375.85400,0
事事如意,4ecd8c09,474.93900,0
柿柿如意，专升本上岸！,3a08da93,1207.50200,0
感觉是吃火锅的样子,93b0b93,858.50300,0
柿柿如意,f578a995,37.32800,0
柿柿如意，希望我能和他一直在一起,a82b97e,450.67300,0
柿柿如意,b849908b,51.77900,0
事事如意柿柿如意,f19a65,87.77700,0
仕途高顺,4ecd8c09,174.39400,0
妙蛙,8fcd8a0b,334.74700,0
绝了,57b714cb,1192.05900,0
别许了，自己不会努力吗,83ab7b9c,234.70700,0
考研顺利哇哇哇,8fcd8a0b,22.49900,0
考试不挂科,7678a918,279.71500,0
柿柿如意,e3b07a7c,202.94700,0
事事如意，专升本上岸,3a08da93,194.65900,0
爱了,dc4d883d,1205.10300,0
柿柿如意,d0557853,0.47400,0
模仿不来啊,f7cd378c,93.85100,0
我也是这样开核桃的,383969f3,905.86000,0
烧烤？,b5a6f201,888.53700,0
是要吃火锅吗,b5a6f201,857.15700,0
没吃过茭白的我 ,b5a6f201,771.57700,0
还没刷完么,f8e3e1a8,209.55800,0
柿事顺心,b5a6f201,469.75900,0
事事如愿,383969f3,76.42000,0
就碍着我了,b6e609bb,211.66000,0
柿柿如意 不挂科,b5a6f201,127.85900,0
来看看自家老婆,ee03c434,3.75700,0
。,e2ab499,130.45900,0
把我的表情拍出来了,8d94a47e,1012.16200,0
许愿的有完没完,b77b82b7,261.60800,0
柿柿如意,cde74a0c,94.87900,0
这杯子我喜欢,9fdda47a,1054.53100,0
助理 注意你的舌头,9fdda47a,1019.44500,0
好饿,9fdda47a,1003.38000,0
这该死的仪式感 我喜欢,9fdda47a,929.56700,0
柿柿如意,78cc32d,461.83100,0
面试顺利通过,6251a9c2,28.29900,0
身体健康，万事如意,b44ba735,170.55200,0
身体健康，万事如意,b44ba735,23.59500,0
柿柿如意，考证赚钱两不误,d6ce459e,369.25900,0
四级必过,c926f412,481.59900,0
考研上岸！,a3fcb8f7,199.29900,0
想喝鱼汤,17760d3f,1195.00400,0
卧槽,17760d3f,1179.14100,0
脆柿，感觉好好吃,a3fcb8f7,145.89900,0
四级必过,c926f412,26.73900,0
大家别许愿了,7161af9b,410.89900,0
物产丰富,17760d3f,789.55400,0
好可爱的柿子,dcc34979,467.11600,0
柿柿如意，期末好成绩！,bbd3310b,114.65500,0
啊婆婆好可爱,d53f2863,1195.09500,0
想吃这个海椒,5da14ac6,1022.59400,0
小助理投喂计划落实的非常成功哈哈哈哈哈,d53f2863,359.78100,0
刚刚太美了！,b118749c,134.14200,0
柿柿如意,5542c75f,462.58600,0
希望期末一路绿灯,347a7086,474.99500,0
柿柿如意,46159777,487.57000,0
柿柿如意,20672612,505.57400,0
进度条 安全,46159777,307.79000,0
本命年的小商柿柿如意,7cb514d0,462.17400,0
万事如意,20672612,82.71300,0
事事如意,20672612,18.79700,0
柿柿如意 考研顺利,f65f88f8,465.28800,0
我似进了，桃花源记,25694792,393.73000,0
柿柿如意,5542c75f,53.03700,0
学有所成,25694792,46.24500,0
红红火火,25694792,37.53000,0
柿柿如意,6582581e,292.61300,0
可爱,abc0835e,333.53700,0
柿柿如意，希望成为自己,7070f2b5,119.67900,0
六级必过！,1f88e44c,171.67800,0
饿了,40aa1f31,1159.35900,0
柿柿如意，柿柿顺心,d7d16aa9,38.46200,0
簪娘快来记笔记,fe486bb0,326.85300,0
柿柿如意,ad9708e0,1201.24600,0
柿柿如意,ee6b20a4,86.44300,0
柿柿如意,c7b54fc1,54.92600,0
柿柿如意,5a72c2cb,47.15900,0
猛男过冬你好绝啊,9435c72e,273.42500,0
柿柿如意,b11149b2,1210.96000,0
最朴素的幸福，来自食物的幸福,4ab1b98b,1100.85800,0
荠菜扁食那个你站住,5d7986f2,790.74300,0
扁食那个站住,5d7986f2,743.60600,0
这么小的萝卜,bfd37cef,734.05400,0
佟掌柜她爹觉得根骨惊奇,fe64a7f9,919.50600,0
胖啦胖啦,dc3ec584,1003.74600,0
柿柿如意，月考必过，身体健康，万事如意，心想事成。。。,7c8eed9e,457.59500,0
月考必过，身体健康，万事如意，心想事成。,7c8eed9e,197.53900,0
尽快病愈,7c8eed9e,71.17900,0
月考600以上,7c8eed9e,42.17900,0
事事如意,509a7818,531.71000,0
每次听到这bgm都能想到好多,ab7de2ce,378.00500,0
柿柿如意,20011874,463.46000,0
脱单成功,743b09d2,211.94300,0
脱单顺利,743b09d2,200.52700,0
找到知心人,743b09d2,190.08000,0
考上研究生,743b09d2,167.32700,0
考上重高,743b09d2,157.47200,0
二建成功,743b09d2,150.09600,0
期末考试必过,743b09d2,144.35900,0
彩票中个小目标,743b09d2,131.43900,0
柿柿如意,20011874,45.47800,0
六级必过,743b09d2,47.46500,0
不要挂科,743b09d2,30.57300,0
顺利毕业,743b09d2,23.83700,0
科目三顺利考过,743b09d2,16.90300,0
凌晨3.40为什么我在这受罪,10679474,1196.43900,0
原本以为只是柿子，大意了,64004215,1101.58100,0
大冬天啥都有,10679474,802.30100,0
好多菜,10679474,790.11800,0
哇哇哇哇哇,10679474,618.15700,0
仙境~！,10679474,598.79800,0
柿柿如意,81c82340,101.49800,0
柿柿如意,5d823adb,459.92300,0
柿柿顺心,5d823adb,267.02200,0
联考进十名,da684925,288.77700,0
厦门大学,da684925,234.77200,0
丐帮棒主,bad5a371,1076.94700,0
憨国人又要作妖了,bad5a371,1030.44100,0
"但是,真的好油啊！",c3a60dc5,1165.68100,0
这星空也太漂亮了,d7dcb44e,1206.65100,0
此女只应天上有,b651034d,1185.90200,0
公考通过，面试成功！！！,dd87acad,61.01900,0
柿柿如意，国考上岸,c110f148,267.89700,0
难怪茭白贵,50ea4a0a,749.90300,0
我也有个这种的铁壶,bad5a371,656.10400,0
求求许愿的柿可而止,bad5a371,513.93800,0
柿子树：来偷来骗,bad5a371,356.32800,0
柿柿如意,3ec56c12,51.86500,0
柿柿如意,830525d8,66.34500,0
期末全过!,f3ea7adb,20.81900,0
柿柿如意，希望一切都好起来,9b827bff,271.65900,0
柿柿如意,b651034d,4.65500,0
柿柿如意,9b827bff,71.93900,0
买个好房子,44e30082,78.77900,0
事事如意,b693b030,27.69900,0
早点找到另一半,44e30082,73.73900,0
和张文俊甜甜蜜蜜,d9d511f8,282.49900,0
所念皆所成,d9d511f8,280.53900,0
事事如意,d9d511f8,275.49900,0
柿柿如意祝我考研上岸～,64b5c9fc,205.82200,0
事事如意，中彩票，宝宝和我感冒快点好,a8342736,75.77900,0
面试顺利,6070d351,21.69400,0
四级必过,9bfb4a72,498.15000,0
四级过过过,9bfb4a72,486.71600,0
柿柿如意,da3b0ee4,459.00700,0
希望新的一年，和2020最后的一个月，柿柿如意！！,2d3681fd,56.82700,0
六级通过啊～,19b9f5df,30.07900,0
那不是肉花吗,63e32685,849.93200,0
柿柿如意,d3e30158,56.77900,0
各种各样的水果,63e32685,407.02800,0
柿柿如意,34c07224,465.82000,0
许愿期末不挂科,63e32685,222.29200,0
事事如意，成功上岸,930c5ba9,38.63900,0
柿柿如意,8f25849a,505.91500,0
柿柿如意,982f388a,65.79900,0
万柿顺利,7dbfad20,473.33900,0
柿柿如意,831780a8,162.17500,0
想念我奶奶了,fd95b0ef,842.35000,0
期末顺利,92a8263,25.57900,0
事事如意,d81b4150,0.23300,0
好脆啊,54137a7d,146.96400,0
柿柿如意,395ee578,465.10900,0
哇！,113d8d4c,919.95800,0
柿柿如意,889a7aac,462.73900,0
柿柿如意,e6a0dc0a,467.79900,0
柿柿如意,83b09f6c,51.02700,0
万事如意！心想事成！,115fd0c6,48.69400,0
祝许愿的全部无法实现,aad88daf,206.09900,0
柿柿如意，六级成功~,296b4f47,549.20200,0
柿柿如意,84e21b40,471.35800,0
事事顺心事事如意,4123849c,30.61200,0
事事如意,f836a6c6,474.56400,0
这期好好看！！！,f058b91d,1199.93900,0
柿柿如意,77b926e7,528.55500,0
事事如意!,9a8ca74a,39.34800,0
柿柿如意,cb2ad30f,469.48100,0
柿柿如意,389e75ec,93.80600,0
想到那个烤肉石头蚌精炸开,168f6cab,994.87800,0
柿柿如意～,ff53e759,553.62000,0
哇,168f6cab,917.99200,0
柿柿如意,4452c2dd,461.94800,0
柿柿如意！月考进步！,4452c2dd,379.92500,0
好美啊,113d8d4c,200.17700,0
这是什么,168f6cab,755.17600,0
柿柿如意,289c8a4e,77.24300,0
希望柿柿如意,b403984d,173.39900,0
事事如意考试顺利！,cb2ad30f,12.69200,0
柿柿如意！月考进步一百名,4452c2dd,121.25400,0
哇,168f6cab,615.23000,0
终于更新了,113d8d4c,7.33700,0
柿柿如意,6790f46c,464.41900,0
柿柿如意！！！,16db1354,39.12900,0
事事如意，2021过初会！！找到好工作！！,f058b91d,465.23900,0
柿柿如意,e5c6147c,525.89800,0
柿柿如意,b1c1fee1,465.81900,0
柿柿如意,736750df,532.62800,0
柿柿如意，明年挣大钱,a4ebc18e,152.84100,0
杏？,168f6cab,324.58400,0
柿柿如意,8a6d12a2,75.86400,0
好过分,98a97cea,992.95900,0
我靠无情铁手,98a97cea,903.52600,0
柿柿如意,168f6cab,58.68600,0
事事如意，家人安康～,f058b91d,59.43900,0
考研上岸,b2f0398,462.37300,0
我还一直以为柠檬是长在树上的,ea4ce812,795.79500,0
考研的学过马原还许愿就过分了,2f0932e9,68.43600,0
顺利毕业,dabebecf,101.09900,0
毕业后找到好工作,dabebecf,91.25900,0
希望新的一年事事如意,f4ffa275,259.29900,0
柿柿顺心,e31c333b,205.19900,0
湖南喊高笋,dad48a8,771.64600,0
柿柿顺心,4be891da,52.93000,0
柿柿如意,e31c333b,203.02500,0
事事如意,4be891da,21.42900,0
事事如意,a5dfed2c,223.12400,0
柿柿如意,98a97cea,477.29800,0
1,92a95c5b,1069.49900,0
考研上岸,5c53ed73,477.54900,0
画面真美,98a97cea,435.91000,0
婆婆的睡衣好可爱,8ddf1b29,931.62900,0
求求让我考研上岸吧，只要有学上啊,4421dfd2,38.59100,0
还有12天，祝福自己，上岸好吗,4421dfd2,28.17900,0
柿柿如意,d005ab2a,480.22500,0
糍粑,86333ef7,1150.31500,0
柿柿如意,f8017b3,467.26300,0
柿柿如意,85a75d02,481.20600,0
考研上岸,5c53ed73,126.04800,0
柿柿如意,99181d25,467.53800,0
祝我上岸！,7f894339,480.83000,0
事事如意,a06d108e,24.50900,0
柿柿如意,99181d25,454.69500,0
柿柿如意,243e6a07,24.27400,0
哎呀 这样子剥了皮挂起来会不会被鸟啄了吃呀 ,5bb44a3f,464.45900,0
用心种的,b589b01e,810.29900,0
柿柿如意,a86bd32b,501.03900,0
柿柿如意，遇到互相喜欢的人,2381d169,218.59100,0
弹幕护体,a86bd32b,492.41900,0
神仙,af09cd08,597.30300,0
希望疫情早点结束，恢复正常生活,8616a315,24.90100,0
柿柿如意 柿柿顺心,a86bd32b,321.05900,0
柿柿如意柿柿如意！！！,aece231d,1204.30500,0
万事如意,af09cd08,204.41900,0
考研上岸,33b5ba55,28.15500,0
啊哈我想到了黄桃,5bb44a3f,54.89900,0
柿柿如意,18a2c538,479.43500,0
太会了,3044b1c8,1191.17900,0
柿柿如意,cc51cee4,465.69900,0
甜甜恋爱工作顺利,2356a10b,472.69900,0
考一所好的医科大学,8bdad726,61.82200,0
柿柿如意 柿柿顺心,ea3a1aa7,19.39700,0
事事如意,8bdad726,37.99900,0
新的一年一切顺利,a6aebb28,222.69700,0
柿柿如意 事事如意！,86333ef7,473.57700,0
甜甜的恋爱,2356a10b,294.20500,0
事事如意,55c7f1d7,15.40500,0
柿柿顺意,775f53d2,463.03800,0
柿柿如意,9a57f54a,460.67800,0
希望期末考试顺利过关,4bef7f2a,546.09500,0
明天考试稳过！,cc51cee4,35.69900,0
最爱吃柿饼了,7e892ab9,643.73000,0
事事如意,3a4da3d0,2.23500,0
柿柿如意，我们复合，好好走下去,20f85a83,271.72100,0
柿柿如意,23a1ba44,466.72700,0
柿柿如意,95eefb67,477.38500,0
事事顺心，平平安安,f22d560a,32.54100,0
和他复合 高考成功 家人一定要健健康康！,2e82ff6d,219.87600,0
柿柿如意。不要挂科,138aa62c,386.60300,0
柿柿如意,2e82ff6d,134.49700,0
这是西昌烧烤学来的？,ff27cb62,897.45900,0
身体健康，工作顺利,6218a9c3,87.12400,0
柿柿如意,39db2e48,468.06200,0
前面说的是茭白吗？,df3c9bc6,1100.51900,0
柿柿如意,9cee3d0d,472.05900,0
柿柿如意,9cee3d0d,464.61900,0
事事如意！,ac3eb6c1,466.11900,0
柿柿如意  升本成功！,9cee3d0d,369.29900,0
柿柿如意,e5a14bce,475.37900,0
新的一年赚大钱～,ac3eb6c1,290.89900,0
许愿还没许完？有毛病啊,a7a2d737,272.98000,0
保研变帅，事事如意,44cfa1a0,54.74000,0
事事如意事事如意,44cfa1a0,37.62000,0
柿柿如意,87473901,478.13000,0
柿柿如意  段考好成绩 每天好心情!和喜欢的人早点在一起,74fa8438,387.41100,0
柿柿如意，一战成研！,225f3fbd,266.87800,0
我一点都不饿,250338a1,1013.66000,0
杯子好美,8836f568,1054.20200,0
事事如意，找到和我心意的对象，他也喜欢我,6a6d9cad,199.67300,0
柿柿如意,eac3d70e,36.08600,0
柿柿如意，全家健康,266e68b4,536.37100,0
祝愿一诊考得很好,ae8d7db2,94.49900,0
柿柿如意,decd2267,454.28100,0
结石警告,250338a1,665.45500,0
月考过线,9c8083f8,43.51500,0
希望面试成功,e37fa93,485.64200,0
柿柿如意,c5e2862b,63.69900,0
柿柿如意,4ce57eb0,455.01900,0
好丰富,8836f568,809.29500,0
上岸,fa7876f5,454.61000,0
柿柿如意,c246a42f,467.54500,0
在座的各位，我要提前睡了，不然又睡不着了,3c8675c1,923.38700,0
上岸,fa7876f5,312.70100,0
事事如意,aa346286,13.75100,0
万事顺意,cc09e11,90.17800,0
柿柿如意 祝我自己学业有成，一切顺利,88c100f0,464.31900,0
柿柿如意，告诉我选择吧！,a9761fe0,291.98500,0
事事如意联考过关,993dcacb,59.98000,0
柿柿如意,cfbd48d5,502.10300,0
柿柿如意，学业有成,75e9a3d1,146.90400,0
我人没了,df2c1162,919.19000,0
啊啊啊，爱了，糍粑啊,8c4aa453,1163.95000,0
小心韩国人,478c5ac,969.72900,0
女侠！,6ae655b5,61.25400,0
时光匆匆，这一年里，我上了大学,8da393e9,48.72100,0
好想吃啊,ab5ba7d0,627.56500,0
体检通过，顺利签约,dbf7b187,60.48300,0
事事如意,604d1cf6,22.56900,0
考研上岸！！！,b4ad219e,24.75200,0
柿柿如意 身体快点好起来 ,775f53d2,35.77400,0
柿柿如意,b1db6680,474.45400,0
柿柿如意,b1db6680,464.49300,0
柿柿如意，期末好成绩,bee0e559,465.07900,0
好饿,1588ee9d,1148.04300,0
瑞雪兆丰年啊,dc24832c,181.04900,0
柿柿如意,dc24832c,96.60400,0
万柿顺利,e6380bed,1208.82200,0
河大上岸,e4301dd3,11.23900,0
柿柿如意,7c2232b7,119.99900,0
为什么要捏,9dcf767a,547.91300,0
希望自己万事顺利，身体健康！,25dfef49,279.27700,0
事事如意！,55ee3b20,17.76200,0
万事如意,acd7cf12,48.45000,0
我也可以，嘿嘿,e6380bed,919.06200,0
柿柿如意,9a3eb039,540.64000,0
和我的宣传柿柿如意,e6209fb7,132.42200,0
柿柿如意,784984f5,57.07900,0
四川话好好听啊,fb5828bc,324.09900,0
四川话,fb5828bc,322.29900,0
柿柿如意 我喜欢的人考研成功,6ede0e8a,471.16600,0
柿柿如意，万事胜意，平安喜乐,92d71950,484.93000,0
和我的宣传柿柿如意,e6209fb7,143.74900,0
柿柿如意呀,737cd3ad,30.85900,0
我们这叫高秀,5520d7a0,778.79300,0
加油,1b2683c2,479.84800,0
姐姐真的好美啊,fb5828bc,144.01900,0
事事如意,eb6b2ca,459.88900,0
啊，砸到我了,fb5828bc,66.29900,0
事事顺心,d6ee0d06,33.08600,0
六级必过,38409a1b,153.85900,0
事事如意,31600a82,486.92800,0
祝我期末考试不挂科!,eb6b2ca,200.78500,0
希望事事顺心！！,79efe08f,14.03300,0
家人顺利，平安,cb4e5074,227.07900,0
好吃,f14c626b,628.68400,0
猜对了,6a76bacc,963.28200,0
姐姐胖了,2a98e4fe,438.86200,0
烤肉烤肉,6a76bacc,879.16500,0
小新啊,4ab7cbed,72.32900,0
柿柿如意,bcbef991,468.32900,0
来啦,eb6b2ca,1.59900,0
事事如意,486a3d94,39.91200,0
盲猜烤肉火锅,6a76bacc,689.78900,0
妙啊,81734e28,295.59600,0
万柿如意，愿我2021年江苏省考上岸！,5c393528,204.17900,0
事事如意 考研上岸,945667cd,19.94500,0
棒子警告！！,16caf6fe,1040.86900,0
家人身体健康，平安顺遂。,b375f8b5,279.55900,0
看着好辣,2f794071,1140.22200,0
柿柿如意，工作顺利，可以撑到年后再说,b375f8b5,256.57900,0
新一年找到男朋友,c6c18264,189.75800,0
事事如意，2020一建市政必过！,24d37263,240.06100,0
柿柿如意,b9fff69b,458.57000,0
柿柿如意,43a7bb01,464.82100,0
纸皮核桃啊这是…,d35083bc,904.92400,0
柿柿如意,30112eba,472.07900,0
工作成功上岸,1510ad73,59.25900,0
柿柿如意,b9fff69b,76.91500,0
柿柿如意，祝我和宝宝新的一年万事顺意,a7678f2b,224.25900,0
加油,b9fff69b,3.59900,0
其实也算不上广告，推广自家的东西而已。,ca9c2036,333.52900,0
柿柿如意,914184bd,466.72400,0
柿柿如意,94ad70c9,110.16300,0
小胡萝卜好吃 ,2f794071,724.82000,0
这萝卜好小啊,6c8609c8,729.33900,0
柿柿如意,b1c1fee1,107.77900,0
哇 还可以这样翻,2f794071,667.98800,0
柿柿如意,97076f11,200.13900,0
可爱,2c3eaff2,335.86000,0
柿柿顺心,6c403140,459.38100,0
柿柿如意，事事如意,84f5037d,387.94600,0
柿柿如意,2c3eaff2,274.90000,0
柿柿如意，事事如意,23296515,103.62800,0
柿柿如意,f8fcacd2,65.17900,0
我浙江的 很多年没见过雪了,2f794071,582.39800,0
柿柿如意,fa86d2a8,221.01900,0
适可而止,6c8609c8,483.23900,0
希望成功上岸。如意,127e72aa,192.97700,0
鸟不会飞来叨它吗？,6c8609c8,456.87900,0
柿柿如意,584f0b3d,502.90900,0
考研顺利柿柿如意,979f1b63,461.63100,0
柿柿如意,8816ee83,468.97900,0
我爸教我把柿子泡盐水里也挺好吃的,2f794071,418.04600,0
柿柿如意,6c403140,113.23500,0
"我老家也有柿子,每次看到我都在想 吃不完好浪费啊",2f794071,364.28600,0
祝我的余幸宝贝高考顺利，平安喜乐，万柿胜意。,b5cf5604,259.21400,0
柿柿如意,979f1b63,112.02000,0
？在这许愿是啥意思，没看懂,35de190a,38.63300,0
等一下 这样就可以喝了？,2f794071,260.45700,0
加核万柿兴？,c8bf03f0,915.48700,0
不会坏掉吗,2f794071,150.61200,0
能别许愿了吗,d97f08b4,290.15300,0
鸡腿不香了,19d96648,1198.99200,0
事事如意,e6aad907,485.60800,0
希望我过二级，我对象过四级,900106f7,78.96400,0
一切平安,7c92ac19,469.97600,0
姐姐厉害,d97f08b4,38.07500,0
幸亏身边2个卤菜 哈哈,2c838977,1176.45200,0
姐姐厉害,d97f08b4,36.49900,0
柿柿如意,197d7f49,467.21800,0
什么都有哦,19d96648,791.05200,0
柿柿如意,e484b755,130.72100,0
茭白长水里的,de016786,757.24700,0
香肠警告,92057919,668.94100,0
找一个男朋友,eccaec28,380.54000,0
柿柿如意,fd4db315,471.23700,0
想捅一下，求组队,92057919,565.08300,0
柿柿如意,8015a27f,21.43700,0
新的一年事事如意,c6c18264,115.69600,0
柿柿如意  工作顺利,1b27105a,467.43200,0
工作顺利！,4fbdcdec,135.91700,0
柿柿如意,c27dcffd,17.57900,0
四级必过,632b7ecc,61.04100,0
柿柿如意,4be23bfa,290.81600,0
柿柿如意,8d18ab5a,133.46200,0
柿柿如意,803b2431,575.45900,0
事事如意,79d8fee4,92.37300,0
我真的很向往农村的生活，即使是没有空调和手机。,9db70403,490.54100,0
希望我对象的抑郁症可以缓解,44b1d9bc,52.60300,0
好看,359e30a0,594.47900,0
天呐这也太会做了吧,56fc5bb4,921.17200,0
111,359e30a0,581.71900,0
如果没有生活的压力，时常抽空自己种菜自己种稻谷,45813dc5,848.12900,0
洋丝瓜是新品种的吗？只见过长老了的是这种色,c0153638,800.25900,0
事事如意 祝我一切顺利,bd101aed,466.13900,0
百草园,5043ec38,810.93500,0
ceshi,cdc6e0c5,641.97600,0
像绮罗,e4fb9968,1173.70800,0
绝了  这两幅风景画面,c94ea32d,582.05600,0
2021省考上岸,555c6153,132.01900,0
柿柿如意，和马老板越来越好,7dd7c788,494.56900,0
考上北大,5e1d592,93.52100,0
事事如意,5e1d592,58.52300,0
许愿的怎么不去买柿子的地摊虔诚祈祷？,c66c0099,172.74700,0
脆柿子可好吃了,8109dcf6,429.12700,0
吞了口口水,bc16479,1158.03500,0
杮柿如意,2517a0e,214.63100,0
柿饼,c0153638,517.77900,0
新年转折点 换个新环境 新生活,28fcf59d,33.97000,0
柿柿如意，柿柿如意，升本上岸！！！,c0153638,467.81900,0
柿柿如意，柿柿如意，专升本上岸成功！！！！,c0153638,457.05900,0
希望周二检查结果正常 平安健康,e9a26d46,1201.89700,0
柿柿如意，素描10级过,5043ec38,459.43100,0
柿柿如意,427c4bd0,66.02500,0
柿柿如意，柿柿如意专升本成功上岸！,c0153638,361.13900,0
这柿子看着就很好吃,8109dcf6,166.44900,0
好吃,5043ec38,435.78600,0
冻柿子，硬的，好吃,5043ec38,412.44700,0
事事如意,d0fd567c,471.26700,0
面试成功 顺利上班,67b17ad1,24.46700,0
公务员考试一定要成功啊,c9b80afe,465.96800,0
事事如意，一切都能好起来,7cd4577e,20.48000,0
事业蒸蒸日上，家人身体健康,45813dc5,167.56200,0
贤良淑德，温柔大方好看的女朋友,45813dc5,143.67200,0
饿；饿打字好艰难,2a1255a6,1188.33000,0
宝马8系,45813dc5,123.06900,0
电源工程师,45813dc5,108.59700,0
专升本上岸！,c0153638,199.25900,0
四川雪下这么大吗？羡慕,c0153638,176.81900,0
考研上岸！,d6f58021,47.50800,0
这是脆柿吗？好想吃,c0153638,147.01900,0
唉我想要的好多，事事如意吧,d0fd567c,245.21400,0
柿柿如意,ddf4793d,471.57700,0
21考研上岸,7752f9d2,200.67900,0
怎么什么都有啊,2e4b12fc,807.67900,0
柿柿如意，考到450,ddf4793d,400.26200,0
柿柿如意，考到450,ddf4793d,400.26200,0
事事如意,434e400f,29.81900,0
想要喜欢一个人 他也喜欢我,1e15d2,277.53900,0
好孕,603284b0,479.45000,0
柿柿如意,338cdf2b,33.59800,0
事事如意,b2f15e3c,471.52900,0
我来啦,dee7de9d,15.83200,0
哈哈哈，像极了屏幕前的我们,33f349be,1020.73700,0
柿柿如意,852ece5,490.76000,0
许愿的全部不灵，还倒霉运！真的烦,e9543bb3,89.81900,0
看到这个老想到小燕子偷柿子,7a6f1101,81.39300,0
希望会和她在一起，事事如意,e5bd073a,247.22500,0
这也是需要很大手劲的,33f349be,904.13700,0
王建国这盛世如你所愿……,8fe46c12,465.98200,0
瘦20斤,b2f15e3c,184.39900,0
我馋疯了,d9ce849f,1199.63600,0
柿柿如意事事如意,b6594be5,483.82900,0
野荠菜很好吃，比市场上买的要好吃很多,13ca2484,778.46100,0
真的好像个难民dbq哈哈哈哈,971ef3f3,1072.77900,0
以前是主食之一，现在都没多少人认得了。。。,33f349be,770.13700,0
暴富暴瘦,b2f15e3c,38.45100,0
小森林？,eaa6330b,438.76100,0
你们这种和那些个见到池子洞穴就扔硬币的大妈有啥区别,eb2ea37a,117.11900,0
柿柿如意,ba89989,520.68900,0
柿柿如意,82464f68,437.42200,0
居然猜错了,3365b2f9,988.08300,0
柿柿如意,5c037bc9,465.20300,0
我才吃火锅,3365b2f9,868.00300,0
柿柿如意,76b86bc,481.41200,0
脆柿很好吃,de18d92,426.55700,0
瘦十斤,64b57070,177.55300,0
柿柿如意,d1e57c52,584.07500,0
六级,971ef3f3,465.83900,0
柿柿如意,91dbe67e,458.34500,0
事事如意事事顺心万事如意下期见,ec5e6684,1150.31400,0
哇！柿子核桃太美了吧,c431172f,920.26000,0
柿柿如意,6ffeaf69,61.61900,0
2021    上岸！,aa901166,471.08900,0
四级  二级过吧,ff93f2b2,181.42800,0
柿柿如意,a7a1eead,463.40100,0
看了想来两碗饭,4c082e26,833.32200,0
事事如意～柿柿如意～,20073dab,171.62100,0
第一次见啊好想吃啊,fc8bc75a,759.13500,0
柿柿如意,c24a99b8,470.17900,0
我要上前一百,b41cb5ae,52.02900,0
希望没错考试都能考好,b41cb5ae,37.97000,0
事事如意,ec5e6684,461.74400,0
事事如意 有个健康的男宝宝,5d9e194b,537.85400,0
柿柿如意，面试通过,31232d75,502.39900,0
柿柿如意,c3cb6407,56.20300,0
来了来了,411d8a2b,7.29900,0
事事如意,92be5428,534.05400,0
考得好成绩,ec5e6684,149.35200,0
柿柿如意,ec5e6684,40.67100,0
这个风瞬间给我一种岁月静好，率性洒脱，看破人世又乐在其中,15ef98b9,1055.11300,0
还在许愿。。。这只是个拍柿子的视频而已,38c8166b,403.34100,0
明天检查安全健康，事事顺利,1faaaed3,28.73900,0
因为这个风我看了10遍这个片段,15ef98b9,1052.27300,0
柿柿如意,ffa97ef5,73.42600,0
柿柿如意,af180469,357.71400,0
柿柿如意，家人平安健康，喜乐顺遂！,dd550219,28.45900,0
事事如意,1f5955e2,476.37200,0
万事如意,c1744c6e,513.02300,0
成功上岸,bdf66ffb,99.00300,0
柿柿如意,f443289b,1208.21400,0
找到心仪的工作，顺顺利利！,bdf66ffb,81.72600,0
升本成功,6fca9f11,468.49900,0
事事如意,6fca9f11,467.25900,0
呆桃，平安喜乐，顺顺利利！,bdf66ffb,79.20900,0
柿柿如意,6fca9f11,465.73900,0
我馋疯了,c16215e2,1164.12900,0
专八高分,e952a38f,202.11900,0
柿柿如意,9dd5d0c3,20.27000,0
柿柿如意,be7fcc9c,466.28300,0
好孕,5d9e194b,199.14400,0
柿柿如意,f34a34a0,39.55600,0
事事如意,f34a34a0,27.04300,0
事事如意,6fca9f11,33.45900,0
柿柿如意,6fca9f11,26.93900,0
柿柿顺意,d8ef4c80,458.19100,0
       . ..  ,415c1c6e,430.39700,0
考试通过,8aac9c5a,36.75600,0
柿柿如意,64bd19a,471.82600,0
柿柿如意,64bd19a,468.07100,0
柿柿如意,64bd19a,501.68300,0
柿柿如意,deafa449,39.07900,0
特别喜欢李子柒拍的视频，特别大自然，很喜欢这样的生活,25a7f754,62.08700,0
风好温柔！,2931c914,1056.48800,0
逢考必过,9115b317,39.11800,0
事事如意,9115b317,30.92400,0
柿柿如意,1bc79cdd,475.78000,0
事事如意,16f1031f,491.42900,0
事事如意,16f1031f,479.54400,0
那个是马蜂窝吗,493076a4,567.62900,0
身体健康 事业有成 爱情美好,c8b412f4,19.31000,0
这种橘子不是很甜,d6a51773,814.17400,0
姐姐太棒了！,4cda581b,933.70500,0
我们这儿都没有茭白，淮河以南,91505b9c,783.72100,0
柿柿如意,87225c9b,65.62900,0
来了来了事事如意,959616e9,9.75100,0
吓我一跳，以为杀猫,f9a46c0e,147.75800,0
21陕西省考上岸,57847e04,51.11700,0
你挺淘啊,f9a46c0e,100.30900,0
你们要笑死我吗,4f3a33c7,566.31000,0
自己不努力 许这些有的没的 ,f3e5856d,510.45200,0
许了二十分钟了 没完没了,f3e5856d,500.12600,0
母子平安的那个你是狼炎吗,23d7af9a,589.31800,0
来了！！,c16215e2,10.25900,0
屏蔽了十几个关键词 真好 看的人犯吐,f3e5856d,432.03100,0
饿了,f91d46b0,932.02700,0
柿柿如意,1da3a086,64.33900,0
北方人表示会做。,23d7af9a,530.90700,0
姐姐给的祝福，我们接了这个祝福怎么了？,23d7af9a,456.71300,0
大丰收,f91d46b0,808.78700,0
明年能长胖,b21a9d45,116.19800,0
柿柿如意,5323e36f,70.87800,0
柿柿如意,23968545,465.40700,0
品种不一样，我家有一颗柿子树，有3m还是4m高。有一棵也就一米多，然后别人屋后头有一排也就1m多。,23d7af9a,360.54000,0
柿柿如意,3412355f,473.29900,0
期末不挂科!,14667f13,455.91300,0
编辫子的时候好飒,f91d46b0,638.92700,0
柿柿如意,6555a1d6,362.95300,0
我最喜欢的柿子饼要来了,7d9666d6,405.28700,0
柿柿如意,9ebac8f9,494.54200,0
千万要注意安全呀子柒姐姐,a2dbd1c4,80.87900,0
柿柿如意,81d65cb0,481.71600,0
愿我以后的日子里柿柿顺遂 学业顺利,cc0852dd,5.35300,0
柿柿如意,4cda581b,117.15000,0
柿柿如意❤️,f3c4ee3a,450.89300,0
柿事如意,f91d46b0,467.10700,0
一夜暴富,a5cf509f,465.13900,0
柿柿如意,22df0dc7,465.67900,0
。。你们那的柿子很小吗？南方米饭碗大小的人产生了迷茫。,23d7af9a,128.69200,0
柿柿如意考研顺利！,e4cab21f,119.50500,0
好看,f91d46b0,329.66700,0
年年有鱼 柿柿如意,8c6e1f77,1145.62300,0
口语考试75+,cfe14a22,349.44200,0
洋洋和晓忱儿柿柿顺心,5378a52a,35.73100,0
事事如意，期末高分,6f249c14,239.41900,0
身体健康呀,2dfa774c,220.75900,0
柿柿如意吸吸吸吸吸吸吸吸吸吸吸吸吸,8ac2993c,467.30100,0
柿柿如意，早日结婚,22df0dc7,200.11900,0
爱了爱了,1c5e69cf,1171.13700,0
柿柿如意,2dfa774c,84.75900,0
柿柿如意,22df0dc7,64.51900,0
5分钟了，还在许，是没完没了了吗,9e2d4585,342.40500,0
无趣的许愿,dfac0d7b,293.21900,0
全家平安,459c3816,48.60100,0
全家平安,459c3816,42.80100,0
头发变多,54febf2b,68.67000,0
柿柿顺意,e90d7bbe,25.49200,0
佩服，这刀把肉片的这么好,d9634db2,857.58900,0
半干不干的最好吃了,724e893c,528.00500,0
柿柿如意,39f2efde,484.37900,0
许个愿,fe5f8630,465.81200,0
想起一个石板炸开了的烤肉视频,ac8b71cb,987.82500,0
柿柿如意 吸吸吸吸吸吸吸吸吸吸吸吸吸吸,8ac2993c,24.06500,0
柿柿如意,ed3475e2,519.17700,0
已经想吃了,724e893c,400.53500,0
柿柿如意,9508bf3c,462.52900,0
考上21研究生,adb5b791,447.93300,0
好看,724e893c,329.59500,0
21考研上岸,adb5b791,452.58400,0
事事如意,2e5e26a5,485.09900,0
事事如意,ed3475e2,67.15900,0
过六级,ed3475e2,23.10900,0
事事如意,e4d42365,365.42800,0
好大一筐,724e893c,114.69500,0
音乐考试顺利过关,cd78285c,200.17900,0
煮火锅吗,8bcce650,906.90400,0
有男朋友算什么。有老公我也馋她身子,bdb2d25b,672.97900,0
柿柿如意,88670181,231.85600,0
事事如意,88670181,211.90200,0
想和张洋一起看星星,dc385865,1209.29900,0
脆柿！！！,26085f73,141.74100,0
烤茄子天下第一！,dc385865,1142.94600,0
屏蔽了,214d80a8,499.67300,0
我滚,4b3c4a8b,844.86700,0
拾荒的小助理～,8d47c5e0,1097.77900,0
又馋柿子干了，可惜没尝到今年份的,8f8d5012,358.26200,0
上岸上岸,4d9a7f11,25.97900,0
一战成硕！！,1a50b5e4,526.95300,0
每次搞得和许愿池一样，有毛病啊,8396ace,44.21900,0
大家是否还记得李子柒是个美食博主,8f8d5012,239.15500,0
柿柿如意,1664fb0,499.68500,0
太会了吧！,f169b1f2,918.56600,0
100万年薪加油,d075e2ab,42.65400,0
   裹紧完了小被子，守护我的小柿子,f8512e63,189.39500,0
柿柿如意,a8905146,471.07500,0
教资面试通过!,931992f9,461.54500,0
柿柿如意~~面试笔试全过~~~,85bc3f53,410.66300,0
柿柿如意！顺利找到工作！教师资格证面试顺利通过！,1875c846,460.22500,0
前五十冲,a8905146,75.20400,0
事事如意，找到好工作，成功上岸,3611812f,33.43300,0
万事如意,a8905146,35.93400,0
好柿临门,5b5c2a90,469.70700,0
助理像个逃荒的小姑娘,d3eb2801,1070.54700,0
柿柿如意,5d47825c,58.15300,0
哈哈哈哈哈哈哈哈哈哈,4e7792d9,477.63100,0
小助理的发型像江湖人士,a0a90511,1072.78800,0
2021考研上岸，柿柿顺意,9577cb7c,277.70300,0
哪里有卖能闻到味道的手机,a0a90511,1046.76100,0
摄像小哥哥的苦,98195ded,1013.69900,0
柿柿如意，考研上岸！,c593506,42.63600,0
头发稀少就不要留这么长会更显稀少的,4e7792d9,91.62500,0
仪式感,5efe50e8,1037.18500,0
万柿如意 考研上岸,f70ca19d,464.95400,0
包肠衣一定很好吃,43a81c71,1044.76100,0
省考上岸,28042f18,39.75900,0
妈呀太香了,43a81c71,988.67500,0
柿柿如意，完成理想,4d1b9ff5,229.20300,0
来吧给我烤肉肉,43a81c71,966.03600,0
生活很累，大家都期待美好,a8c63391,115.93900,0
考研上岸,f70ca19d,59.71300,0
柿柿顺利,bb1e9d85,417.01800,0
突然手里的泡面不香了,f1fd82b9,1015.17500,0
看上了子柒的小帽子，可爱,d5b8bae8,1211.32800,0
突然，手里的泡面不香了。,f1fd82b9,984.95300,0
难民小助理笑死我了哈哈哈太可爱了,ec6170cc,1066.16300,0
如意，安康,e38357e4,458.73900,0
柿柿如意,64d18c50,477.78300,0
事事如意！,b42de9ea,463.88700,0
事事顺心  考研上岸,4752e5f1,7.53900,0
柿柿如意,dea58f9f,464.44600,0
国奖,57911b,22.79900,0
额自己的广告,98195ded,322.45900,0
希望我明年研究生上岸 早日遇到喜欢的人,ae4269b9,472.28400,0
柿柿如意,23fe7ee,457.30000,0
柿在人为,ef68aec7,66.37400,0
柿柿如意,a9a611b7,32.53900,0
幸亏幸亏我在吃麻辣烫,84f8cfc7,1163.91000,0
家人身体健康,ae4269b9,180.28400,0
柿柿如意,c6618fd3,34.65400,0
这是做醋的节奏啊,3c18d1da,220.89200,0
2021上岸,7cfd6dcf,219.48100,0
考研上岸 事事如意,7d550a4d,54.59000,0
柿柿如意  专升本成功,b8c054af,126.03900,0
突然想到了百草大叔,59b53b90,26.00400,0
柿子:来了，老弟,15316e2c,362.74200,0
祝我柿柿如意,372d78a9,464.57100,0
考研上岸,9577cb7c,30.67700,0
失而复得,941e2cc5,256.10700,0
今年我赚多多钱,372d78a9,356.46200,0
柿柿如意，期末全过，法考一次过,a931def9,477.05900,0
升本上岸！,b84b1432,201.11900,0
祝面试顺利，柿柿顺利。,b01a0865,100.11500,0
SYZ一战上岸,743b09d2,225.05500,0
哇这个峡谷好漂亮,fb51616f,562.98600,0
2021好运,743b09d2,219.13500,0
程颖上岸,743b09d2,213.39900,0
考上上交大,743b09d2,195.26200,0
柿柿如意,5dbca1a8,450.71500,0
周测很妙,743b09d2,180.52800,0
一战成硕,743b09d2,174.70300,0
考研一战上岸,743b09d2,168.85500,0
求好运,743b09d2,162.83900,0
减肥成功,743b09d2,156.97600,0
通过法考,743b09d2,151.05600,0
国考上岸,743b09d2,144.77500,0
公考上岸,743b09d2,138.46200,0
升本上岸,743b09d2,132.73700,0
公务员上岸,743b09d2,125.92000,0
考上中石油,743b09d2,119.99500,0
河海大学考研上岸,743b09d2,107.60700,0
和他在一起,743b09d2,101.78800,0
面试通过,743b09d2,95.96800,0
四级必过这次,743b09d2,88.00800,0
柿柿如意,53f38c67,508.79900,0
CMA上岸,743b09d2,75.43900,0
2021考编上岸,743b09d2,69.33500,0
CFA上岸,743b09d2,62.68800,0
表白成功,743b09d2,56.62400,0
接本成功,743b09d2,50.60000,0
一次上岸,743b09d2,44.77000,0
考研顺利上岸啊,5520a897,35.73900,0
中彩票,743b09d2,38.61600,0
找工作顺利,743b09d2,32.33700,0
柿柿如意,2d88e313,5.47900,0
期末考进步50分,743b09d2,26.12400,0
做柿饼嘛,c14c1a7,411.25900,0
考研上岸,7aea9183,76.94800,0
柿柿如意，图图康健,5dbca1a8,293.40100,0
柿柿如意！事事如意！,f235b175,118.67600,0
让他们许吧，毕竟哪次不是这样?说了又没用,8443fee0,67.87900,0
柿柿如意,3f2fefd3,26.97900,0
别许愿了，柿可而止,1ec598d4,488.77900,0
教资面试通过，柿柿如意～,17eb0e6b,369.87900,0
奶奶的兔耳朵好可爱啊哈哈哈,d294dbbf,618.67100,0
屏幕拉亮 我突然看到了雪 好感动,b6566345,581.82200,0
事事如意,f931226b,20.81900,0
柿柿如意,2cb9761e,28.64300,0
柿柿如意,2e0f4a32,459.07000,0
哈哈哈这个棍子好像鸡爪爪,16bfad66,214.33300,0
谁跟你说香肠是大肠灌的？,42a0e895,690.52200,0
事事如意,5cec3f3b,466.23900,0
？！！！！！！,abd10053,910.50200,0
柿柿如意，牙病快点好！！,1ce0c6b,267.66700,0
太美了,48ff740a,215.02300,0
区嘉乐上岸成功，你可以的！！,833fba0,20.68800,0
事事如意,e31029a3,466.68700,0
考研顺利,1e12c3f5,418.23700,0
事事如意  减脂15斤,d356c511,61.07500,0
万事如意,ae338fa5,466.05900,0
老婆！！！,9f94bfb,239.42300,0
柿柿如意,ac84fee9,58.98500,0
跨年顺顺利利去昆明,ac84fee9,46.87200,0
过四级,ac84fee9,45.68600,0
考试上岸，参军选上！,ab309b5f,1114.44300,0
柿柿如意！！,1ce0c6b,85.99200,0
B站被王饱饱支配了,75a9eb26,314.25300,0
柿柿如意,f941cbff,497.35900,0
不是头发油，是头发有光泽,19a14f97,1017.87500,0
月考考60,8418af58,26.00300,0
柿柿如意,d5fe35bb,88.96400,0
爱的人也爱我,8418af58,25.40500,0
宝宝健康,d5fe35bb,32.14800,0
事事如意 柿柿如意,bf574e0e,22.69900,0
希望来年大家都事事如意,5c03bf8a,55.23700,0
这玩意鞣酸含量高，脾胃虚弱的人群要少吃，老人千万不能多吃,1c3b27d9,641.61600,0
身体健康，万事如意,db9da899,221.65900,0
来了来了,b24ca31d,7.63900,0
柿杮如意,9abdefb8,473.47900,0
事事如意,9eb9f1dd,37.85900,0
月考必过！！,abd10053,40.40100,0
2021上岸成功,8904d4a,37.65900,0
柿柿如意，考研上岸,840ab4b,110.13700,0
柿柿如意,6123a725,483.67300,0
许了五分钟的愿啦，适可而止哦小可爱们，会影响观看的,f56aca6c,330.99200,0
柿柿如意！国立上岸！找好工作！,83cdffcb,460.28800,0
柿柿如意,83cdffcb,383.91400,0
柿柿如意,5f0ebb97,513.36500,0
这柿子是直接放缸里的吗？,dc698579,258.74700,0
柿柿胜意,caf18a78,467.36100,0
事事如意,5821a64c,479.85800,0
只有4个的，这里五个是因为前面不是有个邻居过来送鱼哒,e329f49f,1060.03000,0
阖家幸福安康,83cdffcb,208.46900,0
柿柿如意，祝我月考上前20,9abdefb8,61.71900,0
幸好我没有在深夜看,c1abd96a,1155.34800,0
事事顺心，国立上岸。,83cdffcb,15.36000,0
默默放下了手中的泡面，点了份外卖,e329f49f,891.61700,0
想求毛衣同款,f094a96f,624.78100,0
偷菜的带我一个,e329f49f,815.27800,0
王饱饱？,7fde389a,302.29900,0
柿柿如意,c7c5f4a3,449.13900,0
有男票了？？？？？？？？,e329f49f,686.26500,0
万柿如意,516a48b3,47.71700,0
柿柿如意,be22bd41,477.21700,0
2020，不挂科！！！,8c96120d,192.35900,0
事事如意呀！,c31fcf3b,36.15900,0
高考加油,c7c5f4a3,299.98900,0
同款拖鞋哈哈哈,b3d30ce6,707.93700,0
奶奶衣服还有兔尾巴,d66b4e0,652.81700,0
前面的我也妹想到,3ca1fe85,49.65900,0
画面太美了。。像虫师里的那个意境了,d66b4e0,574.17700,0
柿柿如意啊啊啊啊啊啊啊啊啊啊,67f6331,460.75400,0
我想每天都开开心心的，加油！,8a484201,176.37300,0
考研上岸,154de4f3,476.23000,0
这也太幸福了！,cc7f7708,1164.32600,0
事事如意,f7b3ab82,70.85400,0
默默地看了眼进度条,ca373304,1172.53000,0
原来柿饼是削了皮的柿子呀,9b977341,530.33100,0
柿柿如意！,c5fe3eb5,463.59300,0
柿柿如意,148f87f8,455.13200,0
柿柿如意,745f658b,27.91500,0
柿饼如意,1c6a2484,28.40600,0
柿柿如意,3f99b812,463.45900,0
柿柿如意,323cd4ae,477.44500,0
明年中考加油！,323cd4ae,462.06900,0
好美啊,c6d7dc45,573.11800,0
柿柿如意，努力学习,8e1350dc,114.40400,0
顺利渡过期末，不要挂科呀！！！！！,3f99b812,274.01900,0
柿柿如意,67f6331,37.82300,0
柿柿如意,95742598,67.21800,0
柿柿如意,7d514d1b,495.22000,0
柿柿如意,4f0427d0,470.89900,0
事事如意,4f0427d0,470.89900,0
柿柿如意,323cd4ae,21.75200,0
事业编一定考上、公务员一定考上、gongya,2650987d,109.24300,0
希望可以认识jimmy的演员qwq,8547c6b2,1201.86800,0
她真的太强了,da36147,927.79900,0
过六级,e279d415,44.05800,0
像极了我老家,9f0cf04a,184.86300,0
柿柿如意 成功上岸！,f7136035,219.91100,0
顺心如意,c6d7dc45,25.81900,0
szx跟jhf柿柿如意,2d8b121,141.62400,0
事事顺心,12817a83,36.07300,0
期末顺利过,2d8b121,75.35000,0
柿柿如意,89724f9d,462.39800,0
柿柿如意,62d6b6ac,85.89500,0
遇见一堆好女孩,c1cadad1,355.31900,0
过六级！！！,d756c3bc,45.80700,0
是要做火锅吗,dea5a4c8,799.35300,0
闺蜜考研顺利成功上岸加油加油加油！！！,be6211,71.55900,0
健健康康平平安安,48ea5e38,191.26300,0
柿柿如意,b64cd255,507.39600,0
柿柿如意,524a930f,456.23900,0
男朋友考研顺利成功上岸！！！,be6211,55.95900,0
柿柿如意,2141733a,88.40200,0
哇无花果超好吃,89d25271,284.57900,0
六级嘎嘎嘎嘎,e279d415,10.29900,0
猴瓜,382ca8be,791.89100,0
柿柿如意,23874ef2,458.89900,0
顺利转正,39c80b57,98.39300,0
柿柿如意 想和徐洋在一起,23874ef2,345.65900,0
要啥都有！羡慕,46b6eae4,803.74100,0
来了姐姐！！！！,e139494b,13.68700,0
柿柿如意，期末好成绩！,2623f59d,457.01900,0
四级过过过,f7763b13,5.83800,0
好多呀,d3aae9cf,65.25700,0
事事如意,d3aae9cf,46.95000,0
饿了，饿了,43560192,1156.75400,0
好想吃啊啊啊啊啊啊啊,f6c71235,905.46700,0
没有挂霜,46b6eae4,549.07900,0
柿柿如意，考试顺利,d7de098c,223.54900,0
都不用出门了，太爽了,43560192,830.97600,0
柿柿如意,8a0cfad7,538.96000,0
柿柿如意,e0416219,284.45000,0
柿柿如意,a84f93b0,467.05900,0
事事如意，考研上岸,8a0cfad7,295.75300,0
好想吃,3f1a6b55,1009.59900,0
希望四级过过过,365ee735,17.27900,0
来了来了,365ee735,4.40900,0
找到满眼都是我的男孩子吧,ceb900dd,358.61200,0
柿柿如意,f585bf04,457.05100,0
考研上岸,8a0cfad7,148.13900,0
哇,f233070a,1154.06700,0
讲究,579f4eb9,1035.62300,0
考研上岸,f44689ba,41.39200,0
太正宗了,579f4eb9,1009.12500,0
给我吃一片,9a4afbe9,921.08600,0
考研上岸,b84609a6,108.30300,0
事事如意,673e179b,18.81900,0
事事顺利,cfed99c9,29.12600,0
希望所有女孩有钱远离男人,f6c71235,408.81900,0
事事如意,7ec0d29d,199.65200,0
仙女干的都是体力活啊,c54b095c,381.45200,0
柿柿如意,f585bf04,197.13100,0
柿柿如意,ef467724,544.78600,0
好厉害啊，两筐柿子说提就提,97599b3a,387.92800,0
希,bf8ef75a,106.49900,0
柿柿如意！,384ac9aa,462.09400,0
今年必上一本,67ecb1bc,286.69000,0
柿柿顺心,97599b3a,183.98800,0
柿柿如意,97599b3a,155.78900,0
许个愿，找到男朋友，嘿嘿,a4521815,312.63800,0
去喊田niang过来吃饭嘛,677e5d4c,945.14900,0
哈哈哈哈哈哈,ff4ea2be,1005.75800,0
专业前五,1327a738,53.93500,0
事事如意 我一定上岸,9b810170,21.25900,0
事事如意,990cbf19,60.13900,0
来了来了,bbccb3e3,7.31500,0
柿柿如意,5aa604d8,471.08800,0
柿柿如意,7e5632aa,66.25900,0
憨憨，香肠是小肠灌的,fa14dd6,732.69700,0
事事如意，找到工作,85bf5747,186.09900,0
好想吃啊,d2e73f51,144.04900,0
芥菜混沌,bca35c,792.32100,0
柿柿如意！,1901c263,451.81900,0
卧槽,ff4ea2be,617.59900,0
盲猜烤肉,8edd98a8,886.11300,0
柿柿如意，未来会比现在好很多。,aae43a45,465.23900,0
婆婆就是奶奶的意思,677e5d4c,413.66200,0
柿柿如意,db9bc588,488.29100,0
柿柿如意！,1901c263,406.89900,0
求这个BGM,b5f6a227,387.61900,0
柿柿如意,874cfc3d,474.57700,0
柿柿如意，希望一切都是最好的安排,607c86c2,228.07900,0
卧槽啊啊啊啊啊啊啊,ff4ea2be,508.55900,0
柿柿如意，希望一切都是最好的安排,607c86c2,228.07900,0
事事如意,abbf80d2,488.11900,0
ming甜,bca35c,617.07400,0
这肉肉看起来也太香了,390a72db,989.60800,0
柿柿如意，柿柿顺利,39efe97b,28.65900,0
柿柿如意，都要柿柿如意哦,85a557d9,273.79900,0
希望他也喜欢我,874cfc3d,225.67900,0
一定一定,4672a06b,67.69700,0
一定要升上本科,4672a06b,38.57700,0
？？？？这个弹幕是在干什么,413668dd,68.40000,0
许愿的全都不过,312b298f,57.32100,0
好软糯,bca35c,523.03600,0
香菜的清香！,390a72db,734.41600,0
学业水平考试全都过,947f0362,34.69000,0
漂亮的柒柒，漂亮的柿子树,ff4ea2be,35.95900,0
学业水平考试全都过,947f0362,19.93900,0
柿柿如意，我要复合,da55d8ed,184.85100,0
柿子门帘,bca35c,465.54500,0
太美了吧,390a72db,584.49700,0
啊啊啊啊啊别许愿了,bca35c,380.99700,0
这大肥猫,bca35c,318.76400,0
事事顺意,c7d11ca6,37.31900,0
我手机华为nova7上看这个削柿子的画面颜色过饱和，柿子深的发红，浅的泛白,7ed7c75f,406.73900,0
柿柿顺利，找到喜欢的工作,9481af71,68.66600,0
这不就是学习之余少有的闲暇时光吗，为什么不行,8b9dd8b2,515.79700,0
柿柿如意,8fa9ad17,474.32000,0
柿柿如意，明年高考成功,8b9dd8b2,477.91200,0
别许愿了不会实现的,bca35c,283.25500,0
柿柿如意,106773be,202.54900,0
柿柿如意,44dcca9f,487.11600,0
柿柿如意,3e77f2d6,62.94200,0
柿柿如意,89dfe86,102.29800,0
柿柿如意,52443ec4,81.04400,0
柿柿如意,bd4094d7,126.05800,0
柿柿如意,a677d87f,463.74600,0
脆柿超好吃,bca35c,151.28500,0
柿柿如意,ac6f864a,539.87300,0
柿柿如意,a677d87f,340.61900,0
柿柿如意,2a2d4bb8,555.58000,0
柿柿如意,2a2d4bb8,546.11400,0
四级必过,1c2949e9,18.87900,0
柿柿如意,c83e92fe,475.60600,0
事事如意,164e3a0d,462.32600,0
柿柿如意,6cc1535b,473.02200,0
柿柿如意,7dc65dc2,467.11900,0
柿柿如意,d99f351e,32.53200,0
事事如意,ede37f1a,89.13600,0
柿柿如意,cb0dfcae,462.91900,0
柿柿如意,c24e568d,72.47300,0
柿子树：就挺秃然的,2064bd21,406.57000,0
事事如意,164e3a0d,83.03800,0
柿柿如意,6cc1535b,20.01900,0
事事顺意,cb0dfcae,20.97100,0
柿柿顺心,ace71358,85.45900,0
柿柿如意,ace71358,76.37900,0
事事如意,a606e04d,456.81800,0
事事如意,46ae6607,465.50100,0
事事如意,1e76ceee,44.02200,0
好柿一箩筐！,e5dda612,419.17400,0
柿面八方,5259bdf,500.02500,0
太馋人了,d5f2825a,1167.81900,0
柿柿如意 二中必进,e5dda612,248.89700,0
事事如意 心想事成,1b6256d3,506.27200,0
柿柿如意 二中等我,e5dda612,127.86700,0
柿柿如意 四级稳过,5b5d629b,462.90100,0
事事如意,1b6256d3,468.16300,0
事事顺心,e5dda612,21.26900,0
又来撸柿子啊,a080c049,356.36800,0
柿柿如意,727557ae,468.04600,0
柿柿如意 过四级,5b5d629b,92.51400,0
在南方搞这个，估计有蚊虫,54ad40f4,486.16600,0
2020年末找到好归宿！脱单成功！,b9c33b9b,26.34500,0
BGM雪满山中,35773f6f,568.84600,0
柿柿如意柿柿如意,743b09d2,489.68500,0
想和cy在一起,7bbcd417,198.24900,0
中考加油,a3c4a827,285.05900,0
我已经闻到了,442d7c55,731.36900,0
衣服好漂亮,5b15fcfd,231.52100,0
柿子不是扁扁的？,54ad40f4,57.89900,0
事事如意,cc405334,65.89400,0
事事顺心,cc405334,56.49800,0
厉害哦哦,5b15fcfd,118.70900,0
高考加油！！考完和他表白！,8099d156,272.02000,0
事事如意,39780bab,22.37900,0
哈哈哈哈大脑切片,5248444a,925.84400,0
顺顺利利！！,272504f5,48.66000,0
柿柿如意,436a264a,37.26000,0
告别香菜,24b3cbf0,730.34500,0
柿柿如意,602b3cc7,67.24600,0
柿柿,602b3cc7,65.24600,0
我手机柿子橘子颜色过曝,7ed7c75f,897.03600,0
事事如意,629dcb01,61.99200,0
柿柿如意,9a44268e,95.96600,0
柿柿如意,93944b4a,491.22100,0
事事如意,7ed7c75f,537.73800,0
柿柿顺心 柿柿如意,50220142,34.81900,0
事事如意,56e5b95a,4.80500,0
事事如意,874cfc3d,65.59800,0
事事如意！,a2974e38,470.71300,0
放那么久不会坏吗,d7a05fe5,182.85900,0
好治愈啊,53f43720,197.54600,0
许愿 希望我们能在一起,874cfc3d,25.54700,0
这么多柿子啊,d7a05fe5,109.87200,0
柿柿如意，希望我和他能走到最后，希望最后一定是他,f223e64c,247.11200,0
柿柿如意,761bdc7f,469.07100,0
月考加油,11c21c85,39.69800,0
种类好丰富啊,74edd336,825.15600,0
折磨多的吗,74edd336,807.86600,0
事事如意，coop我来了！,ddc10cd5,103.06100,0
终于等到你,72b75a94,4.65700,0
事事顺意，一天比一天好！！！,6998d8d9,13.73900,0
家人身体健康,4d411878,273.64000,0
N3上岸,743b09d2,269.67800,0
三笔上岸,743b09d2,263.48100,0
冲冲冲,743b09d2,208.08000,0
柿柿如意,1f9e0109,464.44700,0
中彩票,743b09d2,180.23400,0
找到男朋友,743b09d2,167.95400,0
考试都过,743b09d2,158.09800,0
考研顺利,743b09d2,146.51400,0
ACCA请上岸,743b09d2,130.36900,0
事事如意,74edd336,484.39300,0
BEC Pre过,743b09d2,118.49200,0
N2过,743b09d2,93.19900,0
公考上岸,743b09d2,82.90100,0
年级前50,743b09d2,72.30400,0
四级必过,743b09d2,62.96500,0
六级必过,743b09d2,57.09200,0
国考上岸,743b09d2,43.67200,0
省考上岸,743b09d2,36.19600,0
法考上岸,743b09d2,30.33900,0
造谣一张嘴，辟谣跑断腿,743b09d2,732.88600,0
绝了~~,319b3719,1043.60700,0
胡萝卜好小,cd5cf500,814.34200,0
许完愿？那赶紧去投币，否则柿与愿违,743b09d2,667.07700,0
柿柿如意！！！,dc4d883d,402.06800,0
事事如意,66f2b9de,15.03900,0
好吃极了,66f2b9de,10.67600,0
大爱,66f2b9de,3.95900,0
柿柿如意！！！！,dc4d883d,341.38800,0
铁手,319b3719,904.34500,0
事事如意,e7047471,488.32500,0
柿柿如意！！,dc4d883d,292.73000,0
谢谢柒柒！,d32d7493,1210.81500,0
柿柿如意,734c9f1e,487.27400,0
事事如意,d767e251,30.58600,0
柿事如意，愿杨宝宝顺利找到工作,2c115789,481.89900,0
柿柿如意,188636f1,382.61300,0
好美的景色~~,319b3719,604.55500,0
柿柿如意,b4e3fda9,457.73800,0
水逆退去！！！,bded9d0,83.04700,0
柿柿如意,b4e3fda9,458.52600,0
为什么不簪这个大的,d0a756d0,360.99300,0
柿柿如意,1f05f3b7,472.89400,0
事事如意,f4453875,488.17900,0
柿柿如意，磊工作顺利,ff8cf11d,190.35600,0
柿柿如意,9310e6e7,474.09900,0
柿柿如意，教资面试一次性通过,f4453875,448.95900,0
这里太岁月静好了！,f159d269,598.15800,0
红色的是什么花花呀,a74db0c0,702.02400,0
国泰民安,aee11163,175.23900,0
柿柿如意,cc1d6d43,469.38300,0
家人平安,743b09d2,95.07100,0
柿柿如意！,611ca1a8,463.84900,0
今年SCL,743b09d2,78.89000,0
一个城市,f1f9084e,379.73900,0
cattle顺利通过,743b09d2,67.92200,0
省赛拿奖,743b09d2,47.86200,0
柿柿如意,b4e3fda9,130.00500,0
学业进步,743b09d2,29.60000,0
皮肤变好,743b09d2,18.30500,0
家人健康,743b09d2,7.37300,0
喊田亮过来吃饭？,242bf29b,958.77100,0
事事如意,35cfb2a0,502.24200,0
事事如意,35cfb2a0,488.96900,0
婆婆一定要身体健康！好喜欢听到这种笑声,611ca1a8,340.11600,0
和喜欢的人在一个城市,f1f9084e,275.79900,0
婆婆的衣服好可爱啊,d0a8749a,963.52600,0
科大上岸,743b09d2,154.88700,0
皮肤变好,f1f9084e,271.71900,0
脱单,743b09d2,145.49300,0
我还以为是日本,242bf29b,874.30400,0
升职加薪,743b09d2,137.79500,0
期末前50,743b09d2,131.77500,0
会考全过，慢慢变好,743b09d2,125.76300,0
上岸,743b09d2,119.97800,0
三模前10,743b09d2,107.01800,0
考试都过,743b09d2,97.98600,0
考过N3,743b09d2,599.44400,0
考研顺利,743b09d2,593.74400,0
三笔通过,743b09d2,587.72000,0
瘦瘦瘦,743b09d2,581.90400,0
考上武大,743b09d2,574.66400,0
找到好工作,743b09d2,568.96900,0
柿柿如意,762bf4a6,466.03900,0
脑组织切片那个吓到我了,303bd15b,931.60200,0
六级高分过,743b09d2,560.12000,0
万事顺遂,9aa4505d,96.55100,0
期末加油，身体健康万事如意,d32d7493,221.37700,0
暴富暴瘦,743b09d2,532.52100,0
考研上岸 事事如意,6df6ebd1,61.81900,0
事事如意，学业进步，考上理想的大学,47f4fe26,231.97900,0
柿柿如意！柿柿如意！柿柿如意！柿柿如意！,58e9950,472.63900,0
事事如意！,2dfb3cfe,23.69900,0
剧组人工降的,242bf29b,193.11400,0
像极了我,2fe3f1a2,1013.97900,0
柿柿如意,13ac775a,494.33900,0
万柿顺心,68be8ff9,464.10400,0
事事如意,157dd39f,1211.23300,0
柿柿如意,f0ac7b5b,484.23300,0
事事如意,b9e510,471.28100,0
柿柿如意,68be8ff9,322.53600,0
柿柿如意,f09789e2,105.07900,0
柿柿顺心 万事胜意 ,f6fadf15,467.71000,0
小毕柿柿如意,6a8bb2dc,96.30600,0
炸了炸了,b2f978e6,1005.56600,0
葡萄美酒夜光杯，欲饮琵琶马上催,1ab5ae62,1051.77500,0
柿柿如意！,8ea1d7c3,466.38400,0
这是粉肠吗,7605b083,700.50300,0
柿柿如意，科二稳过,b9e510,133.42700,0
考研上岸,8b03267a,451.98100,0
事事如意,4708c7a4,457.12700,0
这个野菜下边有箐,e4060ee8,772.15500,0
柿柿如意,bcb3840a,480.67500,0
柿柿如意,d3ef2b8c,475.81900,0
柿柿顺心,b7a61637,60.35800,0
月考上500,4267f7cd,19.93000,0
up主辛苦了,b7a61637,15.12000,0
这顿在餐厅卖不便宜吧,e3675a64,1034.00400,0
柿柿如意！,8ea1d7c3,45.73300,0
愿全家人身体健康,d47fdd6e,486.50300,0
柿柿如意,88c5c9a1,469.05500,0
柿柿如意，逢考必过，发财暴富,299b291a,425.37200,0
愿全家人身攻击健康,d47fdd6e,460.56300,0
心想柿成,1cb7d489,73.35400,0
柿柿如意，考试全过，顺利毕业~~,7295e7f3,470.44300,0
太绝了吧,e3675a64,918.08700,0
愿提的井位口口高产,d47fdd6e,343.68300,0
脆柿超级好吃,e4060ee8,452.05100,0
万柿如意,36b727fc,470.15900,0
数学英语及格吧,cc1d6d43,59.13900,0
柿柿如意,cc1d6d43,38.45900,0
希望zq能喜欢我，我真的很喜欢你,fae17d05,1209.32000,0
希望论文可以过75,cce5046d,343.36800,0
"嘿嘿砸我一脸的柿柿如意,考试上岸",3baecc07,63.20900,0
我带你们打,a85f204b,786.46300,0
事事如意,3baecc07,75.12000,0
柿柿顺意,d47fdd6e,82.61900,0
柿柿顺心，与同学关系缓和，相处融洽,cfc4be09,141.77800,0
砸到我了,46369e5d,69.86500,0
考柿如意！必争第一！,cfc4be09,75.38800,0
妙音娘子笑了,37392269,911.26700,0
小夏子直呼内行！！！,37392269,907.79500,0
柿柿如意，好柿连连！希望家人健康，法考通过,748dc7ea,461.54400,0
老婆,de0e86c4,14.37200,0
柿柿如意，万柿顺心,cfc4be09,41.17400,0
柿子树很脆 姐姐注意安全哦,4ced8495,74.72900,0
找到另一半,743b09d2,149.55100,0
变瘦瘦瘦,743b09d2,116.84700,0
考研顺利,743b09d2,107.89600,0
三笔通过,743b09d2,100.35600,0
考过N3,743b09d2,92.53000,0
考试都过,743b09d2,76.44700,0
月考进班级前20,743b09d2,70.36300,0
万事顺意,e8c1831f,494.84200,0
脊髓？灰质？皮质？,7717d4d0,916.28600,0
保研成功,743b09d2,49.58600,0
上岸,743b09d2,43.57100,0
身体健康 万事顺意,e8c1831f,545.21900,0
慢慢变好,743b09d2,37.17100,0
期末前50,743b09d2,31.06900,0
柿柿如意,1867bad6,468.94700,0
柿柿如意，高考顺利,14f60f83,470.48900,0
升职加薪,743b09d2,22.03500,0
医科大学上岸,743b09d2,16.14900,0
脱单脱单,743b09d2,10.33900,0
zxp回来吧,7e20a312,32.97900,0
zxp回来吧,7e20a312,28.23900,0
前面有个说换团队的 脸疼啵？,b64ab956,1042.52700,0
柿柿如意，一切顺意,a8e0550f,470.33200,0
柿柿如意,2f9c7961,65.00100,0
柿柿如意啊啊啊,3329a4bd,454.53000,0
要上岸啊,464a6ebd,78.09800,0
不要许愿，弹幕礼仪题没有做过吗,5683928d,64.87900,0
比超市的都全,b9f5d9e2,839.78000,0
柿柿如意,922adeba,1203.81600,0
试试如意,233844f1,477.87900,0
奶奶的兔耳朵,a4c45c0,656.61500,0
柿柿如意,bd2ad449,49.46300,0
奶奶的兔耳朵,a4c45c0,653.28700,0
事事如意,998b0cca,464.53400,0
注意安全,97e7f41,75.92600,0
柿柿如意,ec67618d,74.72100,0
对，视频的叙事性更强了,92e0abe0,624.46400,0
天津选调上岸,16d61a97,11.05900,0
事事如意,88c5c9a1,56.55300,0
may all go well with us,3329a4bd,269.17000,0
打了霜的冻柿子贼好吃,46ea70ac,173.57800,0
试试如意,233844f1,78.28100,0
柿柿如意,233844f1,68.02700,0
那一筐好重的,46ea70ac,125.71600,0
柿柿如意,998b0cca,57.67700,0
柿柿顺心，不掉头发，高考加油,504b1aef,384.08000,0
柿柿如意，一定追到小任,2ccde719,370.99900,0
柿子树枝好脆，子柒要小心啊,46ea70ac,58.90900,0
希望我爱和爱我的人健康平安长寿,1867bad6,10.92100,0
柿柿如意！！,b8cc1686,463.10300,0
希望疫情尽快结束，世界和平,1867bad6,0.79700,0
顺顺利利 上岸上岸,3329a4bd,58.85900,0
这样吃，必须圆润啊，哈哈哈,6555a0de,1193.14200,0
希望所有我爱和爱我的人都能健康平安长寿！,1867bad6,0.79700,0
惊叹啊，平时我们吃的这是啥,6555a0de,1149.46600,0
事事如意,b3f3ae6e,54.99900,0
来了来了,3c6c70c3,0.07900,0
神仙转场,5a8b3f06,593.08300,0
逢考必过,999b2622,47.13200,0
有点像紫嫣,be79e435,739.71100,0
柿柿如意,7dfbfb33,463.89900,0
未若柳絮因风起 ,728171be,184.01900,0
柿柿如意哟！！,79079dc7,470.61900,0
一战上岸！,55460b80,28.08300,0
柿柿如意，明年高考不负众望,91113a28,457.40500,0
前面叫阿姨的给我出来！,e0f8bf41,30.52600,0
柿柿顺心 考研上岸！！,b8cc1686,44.71300,0
柿柿如意,a30cd38f,518.67300,0
柿柿如意,7dfbfb33,162.99900,0
天呐，太好吃了吧,52c7accb,1196.63900,0
石板烤肉,f06839c,984.64000,0
柿柿如意，六级过过过,73aaf8e7,124.31900,0
为什么没虫子没鸟还干净这要是北京,7dc78705,544.29500,0
找工作顺利 一切安好,b4d4e022,47.30600,0
真的像难民，哈哈哈,52c7accb,1078.43900,0
活着的柿子瑟瑟发抖,7dc78705,478.43100,0
柿柿如意,42cc7b7a,495.80900,0
盲猜要卖柿饼了,a1686c04,642.93500,0
活着的柿子瑟瑟发抖,7dc78705,469.55000,0
马蜂窝美味啊，为什么不弄下来？,a1686c04,599.47900,0
马蜂窝,a1686c04,575.44100,0
苏干尔,42969bc7,775.38500,0
脱单,e23e80de,96.30300,0
烟光凝而暮山紫,1de9af90,581.56200,0
柿柿如意,16da20b1,92.62800,0
血腥玛丽,c1878a60,1053.79700,0
柿柿如意！！！家人身体健康！,f763b935,463.79900,0
香肠是小肠灌的，但是不能煮熟,52c7accb,709.30200,0
希望家人开心，事事顺利，工作顺利，身体健康希望喜欢的人成为我的男朋友。,1b773aa4,2.13900,0
柿柿顺意考研上岸,147b316d,9.13900,0
怎么可以长得这么好,7dc78705,86.57200,0
事事如意,4fca605e,32.25900,0
终于来了,3e783b63,12.27700,0
柿柿如意，晓晓爱我,a7cf4fd2,464.82200,0
太可爱了吧,e3675a64,12.81700,0
来了来了,e3675a64,3.13900,0
柿柿如意,8e4bd4c4,464.64100,0
柿柿如意,737b6ef8,51.68800,0
好白啊,45e67ceb,367.21000,0
和庹庹一直在一起,fbbe7327,462.61900,0
考研上岸 柿柿如意,5f6b84f2,50.56300,0
女朋友考上老师,52c7accb,231.48500,0
我太喜欢高笋了,2d61466,772.18100,0
小高考顺利通过,6d8322c3,18.73100,0
柿柿如意，考研上岸,7165ce62,14.63500,0
期末绩点高高！！,d665740f,38.01900,0
柿柿如意 考试顺利,8169d91c,198.68300,0
柿柿如意,3c9e5607,526.43100,0
我都快不认识这个字了,429ba2a0,510.94500,0
万事胜意,3f617e60,460.38200,0
柿柿如意,bbb077c1,456.69900,0
怎么感觉仙女长胖了点,ba669111,133.60800,0
柿柿如意,31b136d6,499.95000,0
本来不喜欢，现在也想吃了,959d3d36,173.25300,0
柿柿如意,e4945f23,101.44900,0
希望我能够更有自制力,e4945f23,71.19700,0
柿柿如意,4e9ffa7e,447.55300,0
天哪！诱人,666bca78,619.50900,0
事事如意,bbb077c1,101.73900,0
高处作业应打安全带23333,ded114b0,89.66200,0
柿柿如意,bbb077c1,92.41900,0
香菜过敏的我太难了,d1df8a1,733.85900,0
柿柿如意,5c1d3555,406.69900,0
荠菜！,584c187b,778.80100,0
升本成功,5c1d3555,369.89900,0
柿柿如意,d21a3b37,359.74800,0
？？两个核桃一块挤很容易碎这都不知道吗,aef83909,900.52300,0
柿柿如意,de66b6a8,470.49400,0
柿可而止吧，愿望这玩意说出来就不灵了,2943f5dc,539.27700,0
变得有钱,c9ee6bd8,456.01900,0
上岸上岸上岸！,2bc70a7,65.57600,0
万事顺遂，毫无蹉跎,76c058b6,1206.76600,0
外婆背影好可爱，有耳朵还有尾巴哎,621acdef,597.50500,0
万事如意，健康平安,76c058b6,1198.02600,0
真的太美了，岁月静好,a91b264d,155.25700,0
事事如意,37ed5e3d,478.17500,0
事事如意,668f949a,89.45900,0
月考加油,54c9f3ec,27.39200,0
CPA必过！述职顺利 加油,ff8bde9b,90.58500,0
月考加油,54c9f3ec,16.98100,0
柿柿如意！全家人平平安安，健健康康，自己成绩步步高升,bd278fc8,249.42700,0
事事如意,3591ad2e,469.88900,0
柿事如意,60728854,80.57800,0
今年考研成功上岸！拜托了,f808729c,19.30000,0
柿柿如意,4a7bf752,545.94200,0
脱单,f2b82ca5,1207.65600,0
我的天，肯定很重,9007d353,118.21900,0
顺利找到工作,266609ad,51.11900,0
过英语考试,266609ad,49.05900,0
事事如意,b3a607,485.80500,0
事事如意,b3a607,473.04100,0
小李跟我表白！！,6762fe19,451.58200,0
柿柿如意，会考全a,43c115e6,454.63900,0
专升本上岸加油冲,caf46218,42.73800,0
柿柿如意，会考全a,43c115e6,395.89900,0
好吃,483dd63b,313.71400,0
康中，清华美院,aef83909,272.40900,0
柿柿如意,a618f0f5,51.25700,0
柿柿如意,3c75cf6d,475.19000,0
柿柿顺利！,a270c248,442.23800,0
为什么觉得在玩过家家,78e34651,1036.42200,0
柿柿如意,3c75cf6d,461.70700,0
柿柿如意，顺利保送,d9902b91,170.40100,0
过年了呜呜呜呜呜,4052cf1a,881.27900,0
糖分招来苍蝇吗,5438a7ec,469.08000,0
这里真的好绝！,cb8ee081,1057.99900,0
我喜欢的人能跟我表白,6762fe19,78.39800,0
全考全A,43c115e6,129.85900,0
事事如意,cc0beebe,472.98300,0
不要挂科 全部啊,3c75cf6d,270.11800,0
会考全A,43c115e6,49.15900,0
柿柿如意,d6c6a7b,28.53300,0
柿柿如意,102ac74e,479.75100,0
会考全a,43c115e6,19.03900,0
22考研上岸,6d0b75d3,115.33900,0
四级过,19173de8,76.17700,0
事事如意,4d0c7f7a,118.69900,0
柿柿如意,dab114bf,468.20900,0
柿柿如意,dab114bf,468.20900,0
面试必过,4d0c7f7a,67.45900,0
这三连留它何用,e00510ae,951.68000,0
柿柿如意,ed79ba7a,442.07000,0
柿柿如意,da911a89,503.81300,0
我刚刚才吃，糯糯的，甜甜的，太好吃啦,cc027ff0,627.07900,0
柿柿如意,b66ff64f,172.58200,0
事事如意,da911a89,490.58000,0
牛牛牛~~,319b3719,139.53700,0
元调中考480分以上,b66ff64f,165.70200,0
高考事事如意,da911a89,472.44200,0
平安顺遂,87b3f3f0,16.87200,0
柿柿如意 让我过面试吧呜呜呜,341b6009,466.01900,0
柿柿平安！！！！,3197ea74,25.21900,0
事事如意,2ddfb3f2,27.70600,0
柿柿如意,9a34a54d,472.87900,0
我觉得胖了一点更好看，之前太瘦 了,d4e75156,425.49900,0
这个杯子真的又好看，又贵。。。,ec0dea77,1051.28300,0
q,9178979e,630.85400,0
柿柿如意 身体健康,ac815189,471.23000,0
看着就觉得很好吃,e00510ae,416.98500,0
柿柿如意,f1d3530,287.30300,0
神仙姐姐,58cb24fa,1190.49900,0
锅瓜,5703122,758.07800,0
柿柿如意,cd19b293,464.53100,0
这发质也太好了乌乌乌乌,e00510ae,326.46100,0
烤蘑菇就是要窝窝朝上烤！,d9b128f2,1082.51800,0
希望期末考可以保持名次,787ca0f0,69.15900,0
柿柿如意,ed64ed66,56.99900,0
事事如意,787ca0f0,61.77900,0
哈哈哈哈我大笑,f26efc89,1170.23600,0
事事如意！,735cc035,24.65100,0
柿柿如意,97b53f83,331.07100,0
服了 弹幕许了五分钟的愿了 你们去烧香都比这有诚意好吗,86ef33a2,312.29600,0
柿柿如意,c77760f8,456.33900,0
柿柿如意 平安喜乐 成绩进步,eec0ae8e,18.93900,0
柿柿如意,fd6df213,111.97100,0
柿柿如意,cd19b293,43.24000,0
一建和考公上岸,1dc46d69,462.99500,0
"咋啥都有, 百宝园呀",c25dc631,774.40000,0
也叫高瓜,f26efc89,786.03700,0
茭瓜好吃,f26efc89,772.29400,0
我也吃这个,f26efc89,759.27800,0
事事顺心 事事顺利,de62de5f,466.22500,0
柿柿如意早点回家,b6deb344,472.27900,0
柿柿如意,9173c072,469.51900,0
上岸上岸,e3397397,23.59600,0
别想了你们六级必挂,f26efc89,555.77200,0
柿柿如意,5c584fa2,462.59900,0
茭白好好吃,46c65ced,744.98200,0
柿柿如意,d4db984b,459.94700,0
柿柿如玉,b4b340fc,475.87900,0
教资面试顺利通过！,36705728,19.24200,0
柿柿如意,7683939a,28.63400,0
荠荠菜,2994d0ba,781.02300,0
前方高能,46c65ced,571.12500,0
遇到一个好女孩,74a15a0,369.52200,0
柿子不是扁的嘛,f26efc89,130.83100,0
这柿子和我们家长得不一样诶,f26efc89,110.55100,0
事事如意,fefebbaa,468.22500,0
事事如意,31778145,30.57000,0
事事如意,20805756,21.83900,0
喜欢下雪,ee670b7c,184.69700,0
柿柿如意，考研成功上岸,35cfb2a0,201.48900,0
柿柿如意，万事胜意,916cb9f8,1207.23900,0
跳槽成功，柿柿如意,4f54c733,135.48600,0
保研考研,c7538d00,31.37900,0
柿柿如意,35cfb2a0,151.86200,0
柿柿如意事事如意,ed260ce9,6.21900,0
柿柿如意,4a587c48,461.60500,0
柿柿如意,170834b1,468.92700,0
柿柿如意,2015f511,224.13600,0
柿柿如意！！！,170834b1,425.45300,0
事事如意,271c9bd2,477.56200,0
考研上岸,d1236030,17.37000,0
回家了回家了，新年事事如意呀,f2308899,15.67900,0
事事如意，股票大赚,e8623aaf,209.44100,0
柿柿如意,433254e6,0.00000,0
柿柿如意,49af1a90,459.21900,0
柿柿如意！！！！！！,3b5abec8,449.34700,0
不是，许愿是人对美好生活向往的一种形式，可以理解，但一直刷就没意义了吧？,79f89edc,209.38200,0
啊啊啊啊啊想吃,2bde1ce6,974.29900,0
柿柿如意,afc0f41a,474.67800,0
柿柿如意,543a92d0,477.38300,0
柿柿如意,c2410d63,501.71900,0
柿柿子如意,49af1a90,14.73900,0
烤茄子，我滴爱,1126e368,1143.93900,0
不要挂科不要挂科，求求了,8b2e70bb,160.33200,0
柿柿如意,c2410d63,5.21900,0
柿柿如意啊！！！！！！！考试顺利,279b4587,456.29900,0
事事如意,e551b226,458.38100,0
柿柿如意，柿柿顺心。,a126c086,57.84500,0
这棵柿子树好大啊,d8ddd399,95.01400,0
厉害了,3b566b3e,77.58900,0
柿柿如意,2bde1ce6,15.25900,0
柿柿如意 快好起来 ,3ce0ca21,278.16100,0
柿柿如意,9ffe72a8,460.28700,0
柿柿如意越来越好,3ce0ca21,220.11300,0
事事如意,3ce0ca21,224.76600,0
柿柿如意！不挂科,8d63c65b,98.94500,0
变异的你回来,7c719e7a,579.81200,0
奶奶的衣服好可爱,bba47203,804.83700,0
高考加油,a943e77e,44.24700,0
高考加油,a943e77e,38.54200,0
柿柿如意,f162d5a8,498.80200,0
柿柿如意,6f2d7a4f,464.85900,0
柿柿如意,e4392dd7,468.49400,0
把缸戳了个洞,7c719e7a,248.25500,0
事事如意,5043ec9a,46.61700,0
簪子上也有柿子,5cf0aec,378.29400,0
有科普柿霜的崽崽吗,1ce7f69b,227.87200,0
砸我脸上了,7c719e7a,73.24300,0
今年的考试给我一个圆满的结局吧！,16bd0ae5,30.01900,0
冷不,b167717e,315.24500,0
快学习去吧，憋许愿了求求了,9f5f4027,503.27300,0
许愿的崽注意弹幕礼仪,1ce7f69b,101.28100,0
老胡脱单,d5dfbd64,56.73900,0
老熊脱单,d5dfbd64,36.57900,0
事事如意,6fbbeb75,473.69900,0
男孩们不觉得哪里一凉吗？,c6468933,896.37300,0
男孩们不觉得哪里,c6468933,930.41600,0
事事如意,f7a3155c,479.64000,0
柿柿如意～,b2f345fd,81.33900,0
啥都有啊,c6468933,786.42800,0
柿柿如意,c37810ab,159.35700,0
希望自己和家人身体健康 开开心心,26da7e2,231.70700,0
柿柿如意,e0288b00,467.41900,0
疯狂流口水,f7eb45b9,1029.10900,0
事事如意,390b3ca5,494.41900,0
柿柿如意，考试顺利，,8dbf1b72,228.42300,0
柿柿如意！,1fdfd89b,16.06500,0
柿柿如意，考上理想大学,448926ce,366.73800,0
柿柿如意！,7d0bdf10,55.78400,0
柿柿如意,3b542d7e,43.62800,0
有时间在这发这些不如去学习,49db7958,294.81400,0
offer！,58573053,426.42200,0
柿柿如意,b96f81a,469.23600,0
飞流直下三千尺-口水,1628f95d,1174.46000,0
感觉好重,e0288b00,115.33900,0
我按照她的方法做柿饼，为啥都变成褐色了……但是味道我不错就是了,6406548c,627.74000,0
身体健康，平平安安,9e568cab,477.80600,0
万柿如意,9e568cab,459.70300,0
事事如意,8b045045,511.08700,0
柿柿如意,24993193,463.61900,0
柿柿如意,d81185c1,478.79900,0
你们别许愿了行不行？小心事与愿违。,debe9e7e,78.85900,0
柿柿如意！要上五百分！,a9cb6298,116.63300,0
祝我遇到一个爱我的好男孩  永远幸福在一起,33ddb264,353.68400,0
柿柿如意,9a29a30f,473.95500,0
万柿如意,9e568cab,77.18800,0
虎儿瓜？,412a12d4,791.12300,0
橘儿柑,412a12d4,766.52600,0
希望想的都成真,34bb8dcf,23.27300,0
事事如意，过四级,12980959,288.31900,0
柿柿如意,b73106d8,482.10600,0
柿柿如意,efe24e07,59.54000,0
砸在我了我头上,61c335a6,66.26500,0
模仿不了啊,61c335a6,43.03000,0
学习顺利！年级前十！,ad14a0c7,123.36800,0
哪有 香肠拿大肠灌的，好好去了解一下,265588e8,695.97300,0
这次月考加油！,e88b56f7,19.33900,0
事事如意,8607e5e3,32.97800,0
期末考年级前三十,bf3b4d35,13.05900,0
柿柿如意,48f2bff1,468.59900,0
六级过过过,1ca59ab8,72.85300,0
柿柿如意,8f214e18,58.56200,0
考试顺利,91e70924,1210.43000,0
MWJ今年一定上岸！！！,d9d3bb36,1210.17800,0
柿柿如意,16c8ca34,59.85900,0
柿柿如意,7c358363,128.45900,0
柿柿如意 和胜仔的友情长长久久,15c30538,464.57300,0
柿柿如意,4f254a78,222.06200,0
事事如意,4f254a78,204.36600,0
柿柿如意,15c30538,454.49300,0
柿柿如意,75465397,448.85400,0
本来就是两种柿子,265588e8,571.09600,0
柿柿如意,ca2daf13,482.02200,0
柿柿如意,75465397,39.25400,0
啊啊啊啊啊啊啊啊啊啊啊好想喝汤！！！！1,15ecd787,1185.04900,0
猫 危？！,ca2daf13,131.46500,0
视频质量太高了,2afd00f4,291.85100,0
考上县中,50c919a0,200.14800,0
柿柿如意,c661c30f,1201.10000,0
柿柿如意,50c919a0,128.94700,0
六级面试给爷过！！！,c9d4a64c,462.65900,0
暖融融的世界！,efd99bbf,1200.84100,0
看完起床,55f8864b,340.69900,0
事事如意,1b3406d,474.40500,0
柿柿如意，身体健康，工作顺利！,16034a81,459.97300,0
一战成硕！,b9060839,116.94600,0
柿柿如意,4b27cf5e,112.02000,0
高难度动作啊！,efd99bbf,1073.78500,0
柿柿如意,febdfa18,472.48200,0
柿柿如意~,b9060839,15.14000,0
事事如意,4b27cf5e,28.13700,0
美哉！,efd99bbf,941.86500,0
绝世神功啊！,efd99bbf,900.04600,0
极品！！,efd99bbf,616.85700,0
柿柿如意,a257111c,87.52800,0
事事如意,dd1e9d91,59.52300,0
重复，这样好吗？,efd99bbf,514.74900,0
柿柿如意，转本成功,89391583,454.08900,0
事事如意！祝我期末好运！,a070a19c,21.72500,0
太羡慕这种不生虫的柿子了，我家旁边的柿子树，不等熟就让虫啃了,f1d2bbb,777.02100,0
来吧同志们,b9b07884,973.14000,0
万柿顺意,e245f38d,458.17900,0
奶奶的衣服是有兔耳朵吗！,6788d40c,810.39300,0
希望男朋友考研顺利上岸，事事如意,3f360426,1206.67400,0
婆婆丁哈哈啊哈哈,b9b07884,779.17700,0
人美,efd99bbf,98.69500,0
安逸,e52826f6,1048.42400,0
身体健康教招上岸,f698934c,17.01700,0
柿柿如意,ef53eccb,514.73600,0
那太棒了,5669a8e2,924.19900,0
柿柿如意！,3fbbbbf0,473.83400,0
柿柿柿如意,29631497,473.02300,0
这一顿准备了两年,fe4af0a4,953.74600,0
拍摄的真的很漂亮,5669a8e2,595.49700,0
口蘑,36b0049a,882.78500,0
祝男朋友考研上岸,3f360426,587.60400,0
柿柿如意，经济法考过,e54c7630,153.17900,0
柿柿如意,29631497,55.89100,0
最浪漫的柿,36b0049a,599.66800,0
姐姐每次拍都是大手笔真的很漂亮,5669a8e2,206.73800,0
为什么干啥都要许愿啊……,56f848d9,73.20200,0
柿界和平,d5e6d148,89.19300,0
柿柿顺心,e26c0447,463.92000,0
记得小学时候的寒假作业本封面上有这个的图片,9f4e6b57,582.78800,0
市考葱！,5954f158,223.97700,0
希望我成功上岸！,375f47bd,41.27700,0
光许愿不投币不灵的！！,102c0061,298.45000,0
柿子饼！,ab02a3c0,526.44900,0
柿柿如意,f46515f1,62.42900,0
事事如意,e84c806e,468.09900,0
我自己家的都没这么优秀,eb6efe2d,835.82600,0
想买了柿饼吃了,eb6efe2d,625.57300,0
太好吃了点！！！,eb6efe2d,623.43300,0
看起来也太好吃了,eb6efe2d,541.44900,0
看起来,eb6efe2d,536.40900,0
祝你们好孕,bfb1a72,205.26600,0
柿柿如意，考的高分,eb6efe2d,474.06900,0
柿柿如意，考试顺利,eb6efe2d,465.18900,0
柿柿如意,eb6efe2d,461.24900,0
事事顺心，,eb4a3aa7,479.66200,0
祈祷考试一把过，考的高分,eb6efe2d,351.50900,0
愿事事如意,eb4a3aa7,84.07000,0
烤肉,360fe341,867.81100,0
求求了  别许愿了,bf122b0f,449.59400,0
许尼玛的愿   一直刷,bf122b0f,389.41700,0
人美，心善，孝顺，多才艺，不虚荣，自立自强，衣品还好。。。。,71e176d1,426.97700,0
为什么那个女孩头发好油,2e010676,1011.97900,0
小高考一定要过呀 ,a8db29a9,73.89900,0
柿柿如意,7edad1f8,472.56000,0
柿柿如意,7edad1f8,472.50700,0
大晚上的看饿了,2ec533c5,1163.30300,0
柿柿如意,dec305e5,451.04800,0
柿柿如意,3a49e3c0,499.89900,0
柿柿如意，家人身体健康！,3a49e3c0,305.93900,0
我好餓,83494359,1152.40300,0
进度条警告,9a8ebb47,1166.29200,0
柿柿如意,59e112a0,69.97900,0
鱼汤超级好喝,554c1c94,1188.59300,0
上岸,2cfada06,466.76000,0
15号之前找到工作！！！,a0df2408,292.58500,0
星空,d2028f28,1208.89700,0
小林顺利上岸,68fe63e7,31.76200,0
草，饿了,d2028f28,1138.07700,0
老婆！,bdbdf351,74.85900,0
葡萄美酒夜光杯,d2028f28,1049.97700,0
上岸，柿柿如意,2cfada06,32.98300,0
说捏不开这核桃的建议买个吃吃看,c4a04cfb,942.02200,0
达瓦里氏，干杯，吨吨吨,d2028f28,968.70500,0
！！太绝了,d2028f28,915.60600,0
这满满一大盆菜，看着好幸福,d2028f28,808.06700,0
小心手,a5deb93e,135.08900,0
原来茭白是这个,d2028f28,753.66900,0
草，馋了,d2028f28,613.26900,0
哇,d2028f28,593.22900,0
这里好绝,d2028f28,581.22700,0
大佬坐姿,ead955c4,605.08800,0
柿饼,d2028f28,422.28300,0
怎么啥都有啊,bbfb7132,768.12600,0
这里好美,d2028f28,193.90700,0
好美,d2028f28,170.48700,0
顺利配语言班呀！,1cb45c04,205.20400,0
侠女,d2028f28,88.56700,0
柿柿如意,908e332e,478.83900,0
摆盘狂魔,66b2342f,1033.17800,0
柿柿如意,908e332e,63.13900,0
第一次开启屏蔽弹幕，如果不是喜欢的阿婆主，想看完。直接就退出了，:）,4bdcf303,294.71900,0
这一套酒具一千多,adbd1e3d,1056.02700,0
2021所念皆有成,ec480aaf,483.33400,0
事事如意，高考加油,ec480aaf,216.53700,0
柿柿如意,4779a7d5,474.61900,0
柿柿如意,4779a7d5,465.61900,0
事事如意，柿柿如意…！,87e2a864,478.73900,0
要留些给小鸟过冬呢,72b07397,387.23000,0
真的馋哭了,e44cbdf2,1189.43200,0
这个不是脆柿,7a92bb09,411.70000,0
妈呀,e44cbdf2,1159.51300,0
茄子～妈呀好饿,e44cbdf2,1143.17600,0
都好幸福啊,e44cbdf2,1080.90800,0
考研顺利通过,ea62222a,1210.57900,0
这是我,e44cbdf2,1007.30200,0
好想回家,b6ce6584,936.68800,0
能找到男朋友成功脱单,ae4a8928,219.02700,0
纸皮核桃,e44cbdf2,915.58900,0
真的是天府之国啊,a0293f69,785.15100,0
柿柿如意,ae4a8928,187.49900,0
这真的是我理想的退休生活,e44cbdf2,745.86100,0
想吃！,e44cbdf2,621.81400,0
期末不挂科,26d256cc,11.50700,0
事事如意,b960f73b,22.35800,0
柿柿如意,26dd0da8,128.97900,0
烤茄子我的最爱,47d427bd,1150.86800,0
联考250,94f5664b,281.62000,0
事事如意,1782ade7,471.52400,0
萝卜营养不良,fb4abda8,738.61400,0
我酸了,48f11755,807.81000,0
柿柿如意,9b44d9bd,460.78300,0
都这么好看,bb9acefa,805.84600,0
如意如意  放你吗的屁,48f11755,510.87500,0
万柿如意,48f11755,490.32500,0
希望早上能和zc和好,3a96a589,23.87000,0
烤肉吧,6d7c3bcc,865.47500,0
砸到我了 好疼,36023989,97.15600,0
柿事如意,47d427bd,48.19100,0
考研成功西政我来啦,47d427bd,20.28700,0
瘦十斤,68973d16,165.26200,0
我也可以发弹幕了，哈哈哈,5338ca95,1044.90700,0
柿柿如意 月考年级前100,b0800aae,480.40600,0
四级通过,aaa0f143,63.44000,0
事事如意,48f11755,169.70100,0
希望是我预想的结果,42c58089,38.69900,0
柿柿如意,578c2383,472.98100,0
柿柿如意,7a353394,86.13900,0
事事如意,622a7f61,26.17900,0
香菜都有种子柒太厉害了,4cbf7f3e,733.01100,0
事事如意,2a8068fb,59.62500,0
顺顺利利，平平安安！,61265d3b,352.34800,0
事事如意,c68325ae,410.69600,0
柿子树是脆的，要小心啊大家,f546f9f9,64.01900,0
我来了，真好,2b9d48d,0.91500,0
事事如意,797138f8,469.14000,0
柿柿如意,410a919d,497.15500,0
别许愿了，都不会成的,66b8346,281.50000,0
柿柿如意,98a71bf0,490.30800,0
好想谈恋爱呀,cb214994,268.81900,0
事事如意，可以和喜欢的人在一起 ,2d8d03f3,149.05100,0
柿柿如意,a847961f,622.78700,0
水逆退去,4aed4e0f,68.01800,0
万柿如意,410a919d,108.26900,0
柿柿如意,311db474,490.72500,0
好聪明的做法，棒,3dee0578,256.21900,0
为啥我晒了没几天就都坏了,4b7b6915,515.62000,0
身体健康,112d6511,90.08900,0
子柒终于长肉啦！！！！,3dee0578,118.33900,0
柿柿如意,7d03aa5e,475.52300,0
事事如意,a0551652,50.92000,0
脆柿子就是人间美味！！！,ba0c216a,428.00900,0
柿事如意,5eda4800,43.50900,0
柿柿如意,a847961f,112.72800,0
柿柿如意，柿柿顺心,a0bfc879,491.76300,0
柿柿如意,f16f6bdc,488.25400,0
柿柿如意,ea63bd0a,457.27700,0
想吃!,98404bcb,617.28900,0
柿柿如意,51fb334d,466.62200,0
哈哈哈哈,98404bcb,575.96900,0
找到对象工作顺利！,ce00e0c2,118.67500,0
想吃,98404bcb,511.12900,0
够了吧，还在发,98404bcb,458.16900,0
好漂亮好漂亮,b6af3d92,551.82700,0
有高有低吧,98404bcb,361.64900,0
哇，,98404bcb,255.52900,0
事事如意,ab96d4b9,15.57900,0
太美了,98404bcb,205.04900,0
小森林既视感,d52564d4,12.12000,0
能和某某某在一起的自己去争取，考试过的自己去努力，不干实事光在这儿许愿永远不会实现！！！,d8f687fe,196.86100,0
加一，好重,98404bcb,103.91000,0
柿柿如意,66a3795a,462.99600,0
有许愿的时间就不知道去刷题背单词自己努力吗？！,d8f687fe,137.74600,0
六级过过过,ea7565ff,62.92900,0
柿柿如意,3fe09c8c,496.42200,0
这都能许起愿来？有能力的人根本不需要许愿,d8f687fe,82.32200,0
事事顺利，祝我好运，找到好工作,1caf2bec,47.46100,0
柿柿如意,d274c91,467.93400,0
事事如意,d5b343a,467.43300,0
皮肤变好，瘦下来，成为更好的自己,fc15a781,268.05900,0
柿柿如意,610def25,468.79500,0
柿柿如意！事事如意,c6392809,94.03900,0
想和他在一起,fc15a781,222.69900,0
六级过过过,c84c4fc8,208.99600,0
考研上岸,c84c4fc8,202.11900,0
柿柿如意,d7ae9072,478.97900,0
柿柿如意,d7ae9072,475.01900,0
能不能有点基本的尊重，发点和视频相关的。b站现状？,6697c2a8,63.42600,0
考研上岸,c84c4fc8,71.50900,0
柿柿如意 四级过吧,bc46dd62,492.32100,0
英语过六级,c84c4fc8,61.99800,0
明年减肥20斤,177fb338,493.41100,0
家人身体健康！,d5b343a,62.18500,0
柿柿如意,3fe09c8c,90.29900,0
能考出好成绩,1f533513,473.26900,0
柿柿如意 家人平安喜乐,5777c096,469.99300,0
柿柿如意,7180e2b1,466.79500,0
柿柿如意,ebba3d2f,467.76500,0
柿柿如意，高考成功,3364d67,194.23700,0
太美了,7180e2b1,200.41200,0
柿柿如意,52bfdb8a,456.76000,0
考试顺利,d2df779e,458.50400,0
柿柿如意,9679bfef,21.21900,0
馋了,f1f59abd,1172.97700,0
太幸福了，有吃不完的柿子,3364d67,129.76800,0
考研成功上岸,2bf4cd14,309.14800,0
一诊加油！柿柿如意！,7069af67,105.59700,0
魔鬼吧,e25f5e3c,220.54200,0
奶奶健康长寿,52fc45a2,628.50400,0
我们家乡这边的核桃壳特别薄,5dacaa81,895.98600,0
希望这次六级能过,85e5cc7a,23.50900,0
柿柿如意,52bfdb8a,10.59200,0
太美了,7180e2b1,18.92400,0
柿柿如意,5777c096,19.09200,0
一夜暴富,45e18cc4,457.61700,0
柿柿如意哇,769f89fe,531.41500,0
柿柿如意,c08ccd71,459.59800,0
事事如意，考试全过,1b5c01d0,4.76100,0
柿柿如意,f27078fb,462.37600,0
柿柿如意，考研上岸,7b6a191f,529.68900,0
柿柿如意，考研上岸,7b6a191f,522.04300,0
柿柿如意！,d441dd8e,119.00400,0
月考超常发挥,98fd1a12,40.69900,0
高考大捷,4cdf629e,49.98000,0
柿柿如意，考研上岸,7b6a191f,277.57800,0
驾考顺利过 柿柿如意,1c929e6f,161.91700,0
今年想和他一起跨年！,d441dd8e,20.12400,0
柿柿如意,46e61ac6,467.95900,0
柿柿如意 考上央行或公务员,136c518d,456.85200,0
一夜暴富,45e18cc4,25.12800,0
法考必过,4b396b2e,36.89900,0
好看,f714eca8,330.89900,0
事事如意 学业进步！,63944212,14.99500,0
法考必过,4b396b2e,26.21900,0
柿柿如意,99ad7635,81.20700,0
荠菜巨好吃！！,e59054ca,778.75300,0
期末通过！,50887a1a,26.63300,0
柿柿如意,317a2e86,77.14700,0
柿柿如意,e3205863,464.44600,0
事事顺心,11e2fef5,280.56300,0
柿柿如意,cc2b0ef0,481.37100,0
柿柿如意,7a59e636,460.15800,0
柿柿如意,c1135ae7,464.87600,0
砸我脸了,f714eca8,66.73900,0
这是一种感动,96823c38,589.59500,0
希望爸爸妈妈和自己身体健康,136c518d,202.75000,0
考研上岸,85a75d02,5.87900,0
逢考必过 考上央行或者公务员,136c518d,33.64100,0
柿柿如意考上自己理想的高中,122996a5,463.52900,0
柿柿如意！,136c518d,16.16900,0
柿柿如意,b2d77f28,469.39900,0
太美了,b4e02ad,567.72100,0
柿子：感觉身体被掏空,10602118,535.20200,0
雅思过7,1d30dcc4,72.59600,0
柿柿如意，希望2021万事顺遂,b8eea731,4.24100,0
小森林,a1ac3dc1,432.37900,0
事事如意,7a59e636,63.66400,0
柿柿如意  希望会遇到那个人,bc77345a,56.09900,0
如之前！！,53112cf6,199.72700,0
姐姐锁骨绝美啊啊,10602118,445.11400,0
柿个魔鬼,fcfbb504,521.66800,0
柿个魔鬼,fcfbb504,508.73300,0
这个工作还缺人吗？管包吃包住吗？,4d813adf,1101.97900,0
大晚上看你们吃这么好，真真儿是罪恶呀！！！,775b487e,1188.91000,0
鲫鱼汤，哇靠！！！,775b487e,1185.01800,0
绩点3.8 甜甜恋爱 爸妈健康,53112cf6,70.71800,0
首考顺利！地理100！,39cc82a7,13.20600,0
柿柿如意呀,db30e7c8,15.38000,0
事事如意的全不过，心想事成的全不成,a38d0231,301.87400,0
许愿一建通过,fcfbb504,316.49100,0
星空很美啊,10602118,269.90000,0
万事胜意,53112cf6,18.56600,0
站着，把吃的给本喵放下！,4d813adf,1077.72100,0
我爱yjf,6b42860e,1209.15000,0
茭瓜,510b176f,762.51600,0
柿柿如意！,5863dc45,470.44100,0
大肠灌香肠可还行哈哈哈哈,510b176f,693.66700,0
柿柿如意,39ee83c1,460.08200,0
冬天快乐！,6b42860e,1057.25700,0
啊，去年阿姐和婆婆一起弄的啊我记得！,725ee28,404.49900,0
饿死了,6b9799be,1086.75900,0
看着真香,4d813adf,996.91300,0
别许了，你们得倒霉成什么样啊？,24e68f81,462.88700,0
事事如意,5a92d0a2,22.32200,0
月考进步,83ed0efd,10.63900,0
泡酒嘛,725ee28,142.86700,0
心想事成，事事如意！！！,5863dc45,27.56100,0
小心老虎虫啊姐姐,725ee28,75.14200,0
我不行了,c6449821,1148.07000,0
来了来了,725ee28,18.30700,0
教资面试上岸，柿柿如意,ec645c08,190.35100,0
柿柿如意,166a3c5d,463.53900,0
好家伙，原来这个衣服,e5e3888a,116.13900,0
吞口水,718e54b2,1162.87500,0
考研420,81016136,15.66400,0
这也模仿不来啊,e4d989eb,54.74800,0
柿柿如意,94ed8ce0,496.01900,0
柿柿如意,f83270e7,463.47300,0
头柿,775b487e,327.40700,0
欧耶！姐姐和我一样喜欢吃香菜,a8121254,734.03900,0
希望能找到很爱我的人！,2ea4c636,127.17000,0
舔舔,718e54b2,1017.75600,0
柿柿如意,bbe7dc58,535.89800,0
柿,bbe7dc58,527.65400,0
家人与恋人身体健康平平安安,6b42860e,212.62800,0
愿拿到研究生的offer,6ca19ad,396.35300,0
月考柿柿如意！,d28de647,8.91500,0
联考顺利，化学上岸！,d9743737,203.32900,0
事事如意,6b42860e,178.15300,0
link,d9743737,201.15400,0
好丰盛,718e54b2,804.29900,0
第一次见,718e54b2,762.07900,0
高级,775b487e,68.01600,0
柿柿如意,713ddf45,466.97900,0
来了来了,95d9326,7.68800,0
求求了四级一次过,aa1a6a44,39.86900,0
我爱你,6b42860e,61.07600,0
柿柿如意，中个大奖,44ade748,147.41400,0
会一直在一起 绝对没问题,6b42860e,25.91800,0
柿柿如意,61ddfbc3,31.65900,0
上岸成功,d5e30337,43.72400,0
柿柿如意,88d511b5,462.16600,0
事事如意 拜托啦 谢谢你,6b42860e,7.65700,0
柿柿如意,63c16804,468.01900,0
超爱柿饼,718e54b2,521.51700,0
小心洋辣子,44ade748,52.95200,0
试试如意,3f390d79,95.80600,0
事事如意,3f390d79,93.41700,0
物化双双过75！拜托了,604fdbd5,454.48300,0
考研顺利吧 能考上就很美好,c5624b58,45.71000,0
柿柿如意,aede00f8,467.20600,0
卧槽,dcafdd6e,1153.91700,0
柿柿如意！考研上岸！,7efe3e6,10.50000,0
柿柿如意！逢考必过！,3637f299,120.17900,0
是准备灌香肠吗？,2b5df507,665.55400,0
一战成硕,b962e7e7,459.69600,0
我爱你,3cfe0d75,98.01600,0
柿柿如意,d7c7094b,40.76600,0
我好饿！！！！,2b5df507,619.49500,0
事事如意！,de286fc5,471.82500,0
好柿成双,529080a2,27.45400,0
柿柿如意,f84c1554,68.82800,0
一战成硕,b962e7e7,284.92100,0
考柿上岸,63c16804,59.81900,0
柿柿如意,a979b6e4,484.56200,0
事事如意,a979b6e4,479.71900,0
祝周二讲课顺利！,1616b55f,350.14200,0
我真的饿了，虽然刚吃饱,9368584,1199.83000,0
太会吃了吧,d227682e,916.37900,0
事业有成,7674b97e,48.10500,0
柿柿如意！~,61f849ac,19.73600,0
这期子柒的服装有变化，开始有风格啦！,18478e95,945.53400,0
柿柿如意 加油,6fd89ce9,542.85600,0
天哪我要收藏这个视频 太多好吃的,18478e95,1113.13500,0
现在就想吃…不是后来皮硬挂霜的那种…,d614ff25,523.07900,0
哈哈，表情好真实。,61f849ac,1003.05300,0
我想要这个门帘…窗帘也行…,d614ff25,467.45900,0
考研上岸 柿柿顺心,e5faad43,8.52300,0
这个妆太好看了吧,9368584,833.20200,0
煊煊标标永远在一起,2742c72e,231.82700,0
难民小助理,a40c221c,1063.39800,0
高考顺利,3cd82354,61.50200,0
没吃过脆柿子诶,25cac8ae,417.70400,0
柿柿如意,7bcaedda,467.26200,0
刷你nn愿望，,3415517a,459.20800,0
希望有校荐资格，明年成功上岸,51b85dae,87.55900,0
柿柿如意,cb786eb4,466.08900,0
这种铁壶贼贵 几十万的都有,b8d28e81,652.99100,0
事事顺意,2742c72e,52.37200,0
事事如意 平安健康,750110c4,61.07400,0
落叶至雪的过度真棒,d614ff25,165.83900,0
好可爱哦,25cac8ae,331.73300,0
弹幕什么毛病 这也能许愿？,ce8a7b4a,80.02000,0
想吃(º﹃º ),d614ff25,143.97900,0
柿柿如意,4f6efb7f,459.10500,0
魔法师的你别跑,dcafdd6e,22.35100,0
四级必过,eb30a896,16.75100,0
捕捉喵喵虫！,d614ff25,125.99900,0
我馋了,9368584,621.11400,0
好弹好可爱,ca943cc8,517.20600,0
事事如意,a02c60b7,472.03900,0
臭屁和屁,49507dec,457.75500,0
倒柿子技巧牛掰,d614ff25,69.51900,0
事事如意，sjjx,ad487817,21.67900,0
刷屏的才是恶心人而不自知,1b661d92,236.75600,0
柿柿如意,523c90df,467.13300,0
希望坐在另一边的树杈上吃柿子,d614ff25,42.45900,0
梦想成真,df64084b,1209.90500,0
当然碍着 你憋着在心里许,1b661d92,209.10800,0
忽然想吃了,9368584,529.82200,0
柿柿如意，本月换到心仪工作,25cac8ae,58.75100,0
我迷惑了，为什么仙女都穿毛衣了，地里的东西还是绿色的？？？？,ab7289,771.03800,0
哇～～,42cacac6,617.48500,0
柿柿如意,a02c60b7,276.41900,0
拍视频也挺不容易这么冷一家子在外面吃饭,de46d7bc,996.90700,0
柿柿如意！,7bcaedda,12.69100,0
附属瓜,a11d37d1,799.36600,0
柿柿如意,523c90df,109.33900,0
啊啊啊啊别砸我，我三连了,b7ccc664,64.02200,0
柿柿如意！,16419a43,171.17900,0
柿柿如意,94b5420,479.48500,0
好漂亮啊,42cacac6,271.91900,0
事事如意,2450888f,17.92500,0
前面那个肚皮的有被冒犯到（叉腰）,878f94d2,520.23900,0
2022武汉音乐学院,25e786af,169.88200,0
这是七七搭的围栏，真好,8a827b75,732.79800,0
茭白！！！,f12ec4d,754.68500,0
事事如意,fa1d163,473.98300,0
柿柿如意,b5ab50fb,1205.63100,0
柿柿如意,34a34463,496.89300,0
柿柿如意,2cef68c4,487.16700,0
纸皮核桃很容易挤开,3af54ee6,918.34600,0
咬苹果好可爱~,61f849ac,10.75900,0
吃的了嗎？這麼多,1fccfe1,879.84900,0
柿柿如意,3f0b373a,475.71300,0
柿柿如意,3f0b373a,469.59300,0
事事如意,b6ec39f5,23.31900,0
柿柿如意,60ea9a58,230.39000,0
啥都有,96741fa8,800.91000,0
柿柿如意，全部高分！,15cbbea1,478.37000,0
早日脱单,49a80fe1,1206.90900,0
柿柿如意,94b5420,46.99400,0
好可爱啊,61711cf4,545.55100,0
与爱的人一直好好的,df64084b,270.01900,0
柿柿如意 今年下200,3bcce677,466.36900,0
柿柿如意,15cbbea1,293.02200,0
柿柿如意 今年减下200,3bcce677,485.42600,0
柿柿如意,62a5beb9,497.94700,0
真的就好好看,accd92,599.11300,0
事事如意,31c5f6f7,481.02900,0
事事如意,b6c53e64,19.39900,0
艺考顺利,7d231f19,55.01700,0
柿柿如意,df64084b,37.53900,0
柿柿如意，事事如意,c026f7a6,454.22300,0
高考加油！,d652ea75,41.74700,0
柿柿如意，全家身体健康，考证都过，找到工作,cc460d0f,467.65300,0
事事如意,14c6be92,479.14000,0
反弹红字,bbbb104a,300.28800,0
新的一年多多赚钱,39b9aa81,383.36500,0
月考前50,e2984e51,58.44200,0
别许了大哥大姐们，烦不烦呀,9944e071,206.69100,0
事事如意,c91edf7f,32.85600,0
祝自己新的一年平安喜乐和朋友开开心心,e1ffc046,364.97600,0
柿柿如意,93c8fb7c,33.50200,0
柿柿如意！,93c8fb7c,22.34200,0
柿柿如意,17cdbf83,28.83900,0
家人平安健康,14c6be92,287.49100,0
日语N1合格,bbbb104a,105.28600,0
柿柿如意,274cc8ed,478.61600,0
考研上岸，柿柿如意呀！,f16d4775,500.43300,0
柿柿如意，公考上岸成功！,ae5df8b4,470.50500,0
减肥成功，柿柿如意✔,5a566c30,118.46300,0
xiaohang万事顺意,634c4ea5,98.32700,0
顺利拿到心仪offer,14c6be92,128.67700,0
柿柿如意,ae1627c7,77.55000,0
柿柿如意,ae1627c7,43.77200,0
咯咯咯,90e30aff,473.89900,0
Siji四级乖乖乖,90e30aff,469.29900,0
脱单,e4b9f5ad,472.17900,0
柿柿如意,65a1d052,58.75000,0
自己做的柿子就图这口柿霜 外面卖的就不一定是不是糖粉了,39ea2dcb,627.89600,0
逢考必过，柿柿如意,513bb16b,607.34000,0
事事如意！！,f156ba23,13.79900,0
柿柿如意,ca3393d,475.90700,0
这柿霜是止咳佳品啊,39ea2dcb,612.26300,0
健康平安我们都,5f747aec,319.02400,0
这才是生活，这才是过日子。平凡的生活，好幸福。,4a3b3af7,1153.63900,0
华农行为哈哈哈,87b8d7ce,745.25500,0
柿柿如意,ca3393d,380.21700,0
会考必过！！！,38679c9f,286.12900,0
加油,38679c9f,223.84900,0
事事如意，我想和他在一起,d262eb9b,225.55500,0
柿柿如意,ca3393d,224.36200,0
核柿生财,af05f54d,928.19900,0
会考全A,948401f4,468.16700,0
柿柿如意,fd056d44,15.25900,0
哇哇 ！！！！,95e543b7,918.46700,0
柿柿如意,27836f93,485.94600,0
求bgm,9657c4b2,1031.01100,0
惊讶，绝了,ffd1b768,927.21800,0
柿柿如意,e5f48499,481.47900,0
柿柿如意,f71f3d5c,466.36000,0
柿柿顺心,4b1f1d51,464.10000,0
柿柿如意,2ec139d,469.64100,0
好家伙，什么都有,5a2dd6f3,804.33400,0
祝我明天考试顺利,ae78429a,51.51800,0
祝他柿柿如意,16f2009b,159.85900,0
shishiruyi,87881539,198.93200,0
柿柿如意,16f2009b,122.93900,0
柿柿如意 柿柿顺心,54b2592f,134.03500,0
爱我的人和我爱的人都好好的,cee0f57e,121.86000,0
平安顺遂，世界和平,cee0f57e,106.53600,0
水逆退散，逢考必过,cee0f57e,98.35400,0
年后第一个月月薪过万,b77d8269,63.93900,0
女神,bb9fc90,19.59200,0
柿柿如意,da32e028,93.41900,0
柿柿如意,72b61cd,91.25900,0
来啦,bb9fc90,5.18500,0
柿柿如意   我和小马哥C语言不挂科,721dc8c8,174.11400,0
教资面试上岸,6664d4e8,161.04200,0
没有毛毛虫吗？,7a10d4ef,63.10700,0
我一直以为这个霜是用糖粉撒的，涨知识了,ffd1b768,616.27800,0
柿柿如意！首考政治97！,61e7ec6,454.10300,0
这就是茭白呀,c07f50db,761.06500,0
滋啦滋啦的声音太诱人了,d7d7bd2a,1139.19800,0
呵呵呵呵,eec9a5e4,21.22300,0
柿柿如意！考试上岸！加油！,b5ab50fb,111.25400,0
四级必过,5166657f,133.67800,0
宝贝考研上岸！宝贝考研上岸！宝贝考研上岸！,e5f48499,78.71900,0
成功上岸！,b5ab50fb,29.24100,0
柿柿如意,b5ab50fb,21.69200,0
柿柿如意,3b896990,94.99700,0
事事如意,3b896990,86.90000,0
柿柿如意,cb273a78,474.68700,0
太吸引人了,3c891eb1,909.98700,0
看这个简直是学习正确截屏,be2dc7db,1040.17600,0
烧烤,6b1e3909,889.05900,0
月考冲冲冲,c785e56c,44.79800,0
希望明年升职加薪,a62eb699,18.16600,0
柿柿如意,353d52b6,499.84300,0
柿柿顺心,353d52b6,463.54300,0
柿柿如意,39d125f1,443.90200,0
高巴,85e654b5,763.57100,0
这种柿子我喜欢吃,9657c4b2,172.31900,0
事事顺心,c0d07e41,27.00000,0
事事如意！,81c966ae,321.06500,0
一事无成   穷困潦倒   病魔缠身,df30c871,276.87500,0
事事如意,c0d07e41,11.87600,0
柿柿如意，我想考上高中,9657c4b2,132.41000,0
也太香了,7df88722,1128.57400,0
酒了吧,c898369b,650.94400,0
我喜欢吃柿子,9657c4b2,79.72700,0
啊，砸我脸上了,b2cd8839,63.06100,0
柿柿如意，期末高分，早日脱单,af820681,276.69900,0
柿柿如意 身体马上恢复！,601aafde,466.49900,0
柿柿顺利 万柿顺心,57524d4d,67.23500,0
全国到处都是这样的女生 甚至每个家庭都有 只是子柒用最美好的方式演绎出来了,62844854,946.89800,0
柿柿如意,7614e525,482.23000,0
柿饼,c898369b,488.84800,0
柿柿如意,41aefc6c,56.17900,0
吊柿,c898369b,455.67100,0
真漂亮，像小灯笼,3c891eb1,437.46900,0
看来是做柿饼,c898369b,409.92000,0
柿柿如意 只愿家人身体健康 平平安安,ad5659c8,203.29900,0
柿柿如意 年底脱单,916f75d6,85.05200,0
早日找到意中人,53176b2a,75.75900,0
柿柿如意,39d125f1,74.30900,0
瘦到100斤,85e654b5,146.96000,0
啊无花果，我的最爱,c898369b,283.41200,0
这是什么啊？,3c891eb1,219.51600,0
薄皮核桃都弄不开建议你就地去世,ffcf2797,898.65900,0
直觉告诉我应该是换了摄影师团队了，有更专业的入驻了,3f2f0669,618.94100,0
和他一直在一起幸福美满，父母健康,f3f0ec0,107.48900,0
事事如意,8ef739c5,96.94700,0
四级过过过,ab48af28,19.54100,0
柠檬树下你和我,8059b1b9,1156.71000,0
柿柿如意 平安喜乐 家人健康,1402ea42,462.14200,0
柿柿如意,12ce0ce9,558.33300,0
和喜欢的人在一起,a27a4a2a,142.53700,0
我们的祖国真美啊,f45dc020,596.93900,0
柿柿如意,ed8e5c2a,461.42300,0
2021顺利过教资！！,91fbc5d0,55.48100,0
柿柿如意,d34965fd,458.55800,0
柿子皮上面有野生酵母,3e04114c,274.00100,0
大学加油,27e68fb4,467.94300,0
柿柿如意,d3bc52f7,169.86900,0
柿柿如意,a8adb05b,475.61300,0
柿柿如意，考研上岸,d9a92329,35.73100,0
法考顺利通过,38d93f2c,68.67400,0
拍的真的太好看了,97dc041,596.03900,0
事事顺遂。,f881d631,203.64000,0
室友三级顺利,babc7519,484.50600,0
事事如意！,1c11133b,158.27000,0
许愿就能成真？有这功夫不如赶紧去看书求求了,31a747b3,319.29000,0
柿柿如意,219b5778,465.71900,0
柿柿如意,8547dae5,439.45700,0
事事如意,117ae358,36.96800,0
柿柿如意,66a08fa4,480.94800,0
这个杯子外网卖49美元一个,4c319f0e,1082.26000,0
原来还有这种柿子,19bf6cc3,404.42700,0
下面弹幕，恭喜恭喜,3ecc1540,534.63800,0
考研上岸,2fb556a4,41.80700,0
柿柿如意,fbc9c3c9,459.93900,0
柿柿如意,fbc9c3c9,456.85900,0
事事如意,fbc9c3c9,456.85900,0
希望这次afs全额能有我的位置我会全力以赴的！柿柿如意！,eb8b9f5c,87.97900,0
一定要保送啊！！！！,bb499209,31.03100,0
万事顺意 身体健康,916e16fd,463.08000,0
柿柿顺心，工作顺利，考证成功。,bea00962,273.87700,0
事事如意,461b6ad5,57.51100,0
柿柿如意，期末如意，月考如意,19bf6cc3,175.70500,0
很核柿,e8562819,922.77900,0
家人健康,66a08fa4,139.60400,0
婆婆的衣服好可爱啊,4d998aa5,610.01600,0
柿柿如意，成绩满意,fbc9c3c9,194.07900,0
给郑翔吃点,a48b55e9,1021.92900,0
给整翔吃点,a48b55e9,1021.92900,0
婆婆的衣服好可爱啊,83a6c366,668.34800,0
事事如意,88a0ef79,1205.51400,0
柿柿如意,8628801a,481.70800,0
柿柿如意,2898121b,546.27100,0
逢考必过 家人健康 事事顺心 变瘦变白变漂亮 脱单 暴富 心想事成 考上本科大学,a6715128,24.10700,0
事事如意,a62cb151,26.37900,0
期末安康,3ecc1540,44.40900,0
这也叫胖？！,88081492,720.03000,0
月考顺利,394a65f1,36.48200,0
事事如意，祝我月考顺利,fbc9c3c9,47.23500,0
还缺摄影师吗看看我,7f0bf46,1115.57900,0
柿柿如意,83a6c366,476.83300,0
团队还招人吗呜呜呜我想去,7f0bf46,1077.85900,0
柿柿如意,4735615f,28.25900,0
买了姐姐的麦片,9fdbd6ec,305.50900,0
婆婆的帽子有兔耳朵！！！,4f3df8ad,649.88400,0
柿柿如意 升本成功,65000d1a,362.28100,0
柿柿顺心,83a6c366,204.30100,0
我人傻了,57f26761,913.87900,0
联考过,2898121b,71.48500,0
联考过,2898121b,64.53800,0
还有一个送鱼的婆婆,a87ccd69,1075.55500,0
事事如意，柿柿如意,52057b4e,464.35300,0
这是茭白？！,9e6575ac,758.70100,0
这样也太鲜美了吧,1dd93046,1193.59300,0
柿柿如意,1eb07dd2,47.89700,0
这才是美食,1dd93046,1138.68900,0
祝明年高考金榜题名,83a6c366,27.09000,0
柿柿如意,b20a0ad5,34.70500,0
柿柿如意,98487431,65.59800,0
米其林料理就是搞化学 算个P美食,1dd93046,1045.34200,0
啊啊啊啊,a35096c8,1180.03500,0
柿柿如意,d0bac469,457.37900,0
高级料理,bd5041e0,1041.98600,0
啊啊啊啊啊啊 我想吃好馋,bede4131,615.71000,0
茭白,37f02c15,747.66800,0
柿柿如意 身体健康,177a8ca5,455.34900,0
树上的是留给鸟过冬的,5c2d6057,573.42100,0
永远都是侧脸,56b9bb8e,188.24100,0
事事如意,216c5e96,459.75300,0
永远都是侧脸,56b9bb8e,178.96100,0
好美呀,88081492,30.33700,0
事事如意！,bede4131,55.07000,0
哇好好看,9e6575ac,331.86100,0
柿柿如意,32ad06b5,463.49900,0
雅思七分,9973d9d4,147.52100,0
希望明年找到男朋友，事事顺心,82d8bf71,64.14700,0
我去泡个泡面再来看，太饿了,450ad79,1005.38700,0
柿柿如意✨,fecb017e,456.07900,0
事事如意 我和家人健健康康,88a0ef79,214.88400,0
猝不及防,61f2571f,313.21900,0
柿柿如意！！实习offer快来！！,f17aec9a,159.29400,0
六级500分,3781556b,42.61900,0
柿柿如意！希望工作能够轻松点！工资能够在高点！自己再聪明点！,3aa9c97,460.82200,0
事事如意,88a0ef79,67.95100,0
姐姐好美,7f0bf46,102.37900,0
别刷愿望了三分钟了快,61f2571f,179.77900,0
未若柳絮因风起,e7051c0,171.48100,0
当场馋哭,6fa0fdd0,1176.51600,0
顺利上岸,ad5e2c25,194.13000,0
美术联考上90！！,7bf674bf,63.97900,0
事事如意,ad5e2c25,182.36000,0
事事如意水逆退散好运到来,d5bdb183,459.58800,0
小柿，板柿，猪猪柿，牛心柿,50c3f3a8,442.45900,0
柿柿如意，考上研究生！考上研究生！,a73d1db4,462.83900,0
万柿如意,901b687e,460.95300,0
高笋,450ad79,779.22200,0
柿柿如意,235ffd,471.61400,0
柿柿如意，考上研究生！喜乐平安,a73d1db4,362.41900,0
考编成功上岸,69c49ccf,276.98900,0
希望能复合，考编上岸。,69c49ccf,211.98800,0
柿柿如意,5e2b4601,91.45400,0
lx成功szhebsy,b3ebeb5e,561.03400,0
我大半夜看这个我图与啥啊   哈喇子淌一地,775d61ee,1148.90500,0
做醋,50c3f3a8,236.61900,0
色调好舒服啊,59447cfd,142.03800,0
事事如意 水逆退散好运到来,d5bdb183,180.85400,0
没人叫媳妇儿了……,4d8ce3ec,34.98900,0
希望自己不要再想他了,a15a5102,453.58100,0
期末考前250,59447cfd,46.78600,0
柿柿如意,901b687e,98.32100,0
柿柿如意！！！,6277d5eb,466.53900,0
忘了他,a15a5102,369.17200,0
她的视频真的是强迫症福音啊,38e8227a,1103.94900,0
柿柿如意 2021高考加油,eb11357,35.36800,0
柿柿如意，平安喜乐,5f94c9d7,59.92700,0
柿柿如意,c11395c7,522.51100,0
柿柿如意,c11395c7,495.19200,0
这是做什么？酒？,9f8c2ef9,222.33000,0
柿柿顺心！家人身体健康！,aa1cd093,90.41900,0
柿柿如意,411553d9,465.27900,0
身体健康！,aa1cd093,38.03900,0
柿柿如意,c41363a2,480.59400,0
祝自己成功接本！！！加油鸭,aa1cd093,4.51900,0
正宗土鲫壳儿,740a0f19,1199.65800,0
高考加油！,d1092dd1,26.64500,0
花泽香菜觉得很淦,2e741497,728.01900,0
明年工资翻倍,a774d05c,70.98200,0
柿柿如意啊啊啊啊,f17ab6b2,105.30300,0
来了,951d339,4.43900,0
柿柿如意，健康平安,1a768d45,463.31900,0
柿柿如意,f50ed694,99.69700,0
家人健康,74269472,91.53900,0
事事如意 事事顺心,74269472,89.53900,0
希望大家都顺利通过！,9426df0d,233.51500,0
含着口水在看！！！,7f50fc4f,1157.80000,0
刚下单了柿子。。。。,57e48eac,437.04900,0
你不乐意看别看 许愿碍着你了？,9426df0d,203.22500,0
愿事事如意,bc86d03d,123.44900,0
万事如意，家人平安健康,89b65124,46.39400,0
事事如意,97de29ff,10.29500,0
万柿如意 柿柿顺心,cb0be519,460.94300,0
柿柿如意 希望可以一直和lch在一起,bb54da9a,474.21300,0
这是偷菜吗？？？？？？,5f01e02,774.33200,0
事事如意！,a9ca3774,490.04200,0
求求二笔过 我一定不发朋友圈！！！！让我过吧,36f3f93f,34.51500,0
事事如意！,a9ca3774,477.46100,0
弹幕没完了，，，发疯了，封建迷信糟粕复兴了,51402b10,432.81100,0
别许愿啊喂,f532513e,59.20900,0
柿柿如意,39641f3d,460.35000,0
柿柿如意,806e4203,499.15100,0
感觉手好痛,7716356c,57.66200,0
四级稳过，柿柿如意,d6e317c6,44.91300,0
...........................,740a0f19,351.47500,0
柿柿如意,2b2bbe19,538.32400,0
考研上岸,edd6ce37,68.37900,0
柿柿顺心，我家神兽学考全A,680c90c6,113.31400,0
祝大家都事事如意呀！,41346033,462.82400,0
柿柿如意 爱你曾杰,51345225,488.73700,0
柿柿如意，考试理想,ab36b600,190.23200,0
柿柿如意,985136bf,458.58800,0
柿柿如意，考上理想的大学，家人平安喜乐,cf3af70f,199.85900,0
这种脆柿好吃,ccc3fe29,153.83300,0
柿柿如意,980d064b,451.03000,0
柿柿如意,141e5354,397.97900,0
柿柿如意,c8dfc45a,35.65800,0
哦天哪，她可以一手一筐,ef2e1e9a,387.99400,0
事事如意,6b1f8d3,51.01000,0
我饿了 ,e3af41bc,104.78600,0
事事如意 四级通过,71980f9,191.42600,0
考研顺利,c7546b35,454.65400,0
平安顺遂，否极泰来,ccc3fe29,25.91800,0
考上研究生,dbec52ec,272.34700,0
柿柿如意,3e499c10,522.13000,0
柿柿如意，圣诞表白成功,6c5e8718,503.67600,0
活生生的菜市场  应有尽有,26323f7b,812.01900,0
时光匆匆又过了一个春夏秋冬,41346033,30.78200,0
猝不及防,6d98b15,309.75300,0
撒盐空中差可拟，未若柳絮因风起,51345225,182.89700,0
柿柿如意,985136bf,36.53900,0
奶奶呢？,4794fc2c,192.07400,0
牛,6d98b15,251.87600,0
钱夫人直呼内行,546c6b2e,900.60600,0
这是什么酒？,604c081a,1049.80600,0
柿柿如意,849e6e05,115.23700,0
柿柿如意,7157ba64,488.28100,0
教资面试过,7157ba64,480.42100,0
当一个以弹幕文化起来的软件，没了弹幕，唉...可悲啊。发发这种祈福的话，我觉得没什么啊,af087ab3,78.30100,0
柿柿如意,91d05206,478.56000,0
柿柿如意！,6493c2b7,490.21500,0
事事如意,60e4bacb,475.60700,0
没想到吧，我是件衣服～,be198017,98.56700,0
上岸 平安顺遂,51f55563,30.28600,0
柿柿如意,a19131e9,107.90100,0
烤肉吧,608e6820,883.22000,0
？？,a05003b0,911.12000,0
柿柿如意,9f5377c6,51.67600,0
拿到一等奖学金和国家奖学金,4b6d9be5,208.13900,0
事事如意,556f1cf5,12.77600,0
期末考试年级第二冲第一！冲啊！,1cf2c3be,27.17900,0
共振（狗头）,daf02e6b,462.40800,0
柿柿如意,f502a54d,471.79000,0
这鱼汤一看就很鲜甜,ecb08f3a,1209.86000,0
柿柿如意！,11992a86,467.68900,0
太会吃了,ecb08f3a,1193.86500,0
柿柿如意,37f10fcc,467.23800,0
哇,ecb08f3a,1156.56000,0
许了三分钟了，已经影响了视频的观看，会引起别人的厌恶，这是很正常的,435f605d,171.31900,0
柿柿如意,8da81014,480.03200,0
柿柿如意,1caf5419,1209.19300,0
柿柿如意,cad8504f,23.73900,0
